GENE_SYMBOL	COSMIC_GENE_ID	TRANSCRIPT_ACCESSION	GENOMIC_MUTATION_ID	LEGACY_MUTATION_ID	MUTATION_ID	MUTATION_NC_ID	MUTATION_TYPE	IS_CANONICAL
PSMD1	COSG73480	ENST00000431051.5	COSV58079232	COSN13976991	135381952		coding	n
NFASC	COSG113838	ENST00000403080.5	COSV58369152	COSN13509989	126543609		coding	n
FLCN	COSG83404	ENST00000389171.4	COSV53257250	COSM2740064	124721348		coding	n
CHEK1	COSG68543	ENST00000428830.6	COSV54026251	COSN13309344	133911009		coding	n
CLIC3	COSG87054	ENST00000494426.1	COSV65406348	COSM3088282	148152163		coding	y
CTNNA2	COSG58363	ENST00000402739.8	COSV58161512	COSM4315486	125721384		coding	y
ETV1	COSG94966	ENST00000399357.7	COSV54144348	COSM2861024	126774547		coding	n
SMARCA4	COSG94137	ENST00000646593.1	COSV60799119	COSM9999778	191391036		coding	n
SRP54	COSG108245	ENST00000555317.5	COSV53739101	COSN13582665	167148429		coding	n
TP53	COSG115384	ENST00000445888.6	COSV52771673	COSM3378443	134896280		coding	n
CSMD3	COSG81894	ENST00000343508.7	COSV52201650	COSM3164242	110889445		coding	n
PRDM2	COSG82063	ENST00000343137.8	COSV52452655	COSM2230170	110342646		coding	n
EPHB6	COSG103988	ENST00000617632.1	COSV63894622	COSM2863015	180244551		coding	n
NCAPD2	COSG95230	ENST00000315579.9	COSV59701585	COSM1991628	110503680		coding	y
CLIP4	COSG63232	ENST00000401605.5	COSV60754200	COSN13989805	128048032		coding	n
RMST	COSG65340	ENST00000639542.1	COSV68633351	COSN13427709	188676534		coding	y
ARG2	COSG80869	ENST00000261783.3	COSV53620007	COSN13592616	103559039		coding	y
MCF2L	COSG99253	ENST00000464800.5	COSV65052044	COSM945521	140432370		coding	n
GABRG2	COSG106455	ENST00000638552.1	COSV62724047	COSN14153664	184436757		coding	n
HNRNPC	COSG80424	ENST00000556897.5	COSV60148283	COSN13576128	167821286		coding	n
LDHAL6B	COSG82562	ENST00000307144.5	COSV55687705	COSM2219736	107920401		coding	y
HDHD5	COSG86383	ENST00000399852.3	COSV50098819	COSM2891096	177436219		coding	n
DCAF6	COSG69399	ENST00000455334.5	COSV56583407	COSM4225003	140179893		coding	n
GRM7-AS3	COSG95891	ENST00000417482.5	COSV69683448	COSN14079406	128184208		coding	n
METTL17	COSG85320	ENST00000557550.6	COSV59555910	COSM2029366	165418689		coding	n
ADCY4	COSG110272	ENST00000418030.6	COSV60257787	COSM2033257	129367592		coding	n
ZNF461	COSG108831	ENST00000592829.5	COSV64455867	COSN13801082	173389559		coding	n
ELP5	COSG70875	ENST00000354429.6	COSV63039792	COSN13744604	114940207		coding	n
SMARCA4	COSG94137	ENST00000646183.1	COSV60787100	COSN13778976	190172285		coding	n
RNF31	COSG91984	ENST00000324103.10	COSV53758297	COSM2032629	110783218		coding	y
NR2F2	COSG60087	ENST00000559679.1	COSV67683420	COSN13649214	167651524		coding	n
COL11A1	COSG86189	ENST00000353414.8	COSV62204996	COSM1953950	113660578		coding	n
DUOX1	COSG102616	ENST00000389037.7	COSV58484962	COSM2189444	124328895		coding	n
SCN4A	COSG94876	ENST00000435607.3	COSV71130053	COSM2795848	136549304		coding	y
PPM1A	COSG63510	ENST00000325658.3	COSV57787384	COSM2246809	112474141		coding	n
AGAP11	COSG102634	ENST00000433214.2	COSV70571325	COSN13288980	135381198		coding	y
AP1B1	COSG74443	ENST00000405198.5	COSV58020987	COSM1682183	126011423		coding	n
SLC8A1	COSG70731	ENST00000406785.6	COSV60495586	COSM3184389	129418950		coding	n
CYP3A43	COSG96302	ENST00000415413.5	COSV55938299	COSN14313086	176669537		coding	n
ESX1	COSG107777	ENST00000372588.4	COSV65423871	COSN14407156	119706638		coding	y
SPG7	COSG65130	ENST00000643496.1	COSV51956178	COSM2923207	188487615		coding	n
TRIO	COSG85950	ENST00000344204.8	COSV60081028	COSN14145593	112148742		coding	y
LOXHD1	COSG89945	ENST00000536736.5	COSV56067916	COSN13768164	162566894		coding	n
AC080038.3	COSG57893	ENST00000623346.1	COSV57639079	COSN32875199	182486754		coding	y
ARHGEF7	COSG96914	ENST00000466143.5	COSV54547589	COSM2263455	143411662		coding	n
NRP1	COSG86591	ENST00000374821.9	COSV55162405	COSM1955682	120951270		coding	n
RGS3	COSG77978	ENST00000394646.7	COSV58283057	COSN14366679	127016895		coding	n
AQP4-AS1	COSG75846	ENST00000627963.2	COSV67219580	COSN17165592	184875330		coding	n
YTHDF1	COSG86684	ENST00000370334.4	COSV64833381	COSN13873260	119570450		coding	n
CACNA1D	COSG88428	ENST00000636570.1	COSV55460977	COSM4325940	188332984		coding	n
NEB	COSG115619	ENST00000604864.5	COSV51031901	COSM3297772	178232020		coding	n
SF1	COSG108937	ENST00000432725.1	COSV57118455	COSN13339748	134329617		coding	n
PSMD8	COSG67378	ENST00000602911.5	COSV53058684	COSN13802554	178310289		coding	n
DICER1	COSG73310	ENST00000393063.5	COSV58624545	COSM2253742	125201636		coding	n
CIAO1	COSG63770	ENST00000272402.2	COSV55530423	COSM2825377	176622356		coding	n
MTMR4	COSG86066	ENST00000323456.9	COSV60205240	COSN13734561	110187265		coding	y
NRCAM	COSG85757	ENST00000415105.5	COSV61052124	COSN14251966	179901301		coding	n
ZNF573	COSG108382	ENST00000489148.5	COSV59829046	COSM3201208	147257305		coding	n
SMIM23	COSG105585	ENST00000640082.1	COSV58352914	COSN14156430	185697769		coding	n
NDUFA3	COSG98968	ENST00000419113.5	COSV52928898	COSN13828612	131915010		coding	n
CACNA1C	COSG59086	ENST00000399601.5	COSV59787284	COSN13387577	127699377		coding	n
AHNAK2	COSG83689	ENST00000333244.5	COSV60934233	COSM2027291	109519167		coding	y
AC120193.1	COSG68849	ENST00000523578.5	COSV56098740	COSN14336519	157622357		coding	n
CTSL	COSG109214	ENST00000340342.10	COSV58247556	COSN14401819	114251871		coding	n
GFAP	COSG108743	ENST00000588037.1	COSV53654843	COSN13725752	174145780		coding	n
ABI2	COSG74962	ENST00000441061.5	COSV53694988	COSM2908520	136686194		coding	n
NT5DC4	COSG109865	ENST00000497526.1	COSV59592251	COSN13929250	148483979		coding	n
LMO7	COSG94700	ENST00000321797.12	COSV58552605	COSM1949463	108671755		coding	n
SAMD13	COSG91939	ENST00000394834.7	COSV65745720	COSM9162877	123105009		coding	n
HTR4	COSG114002	ENST00000520514.5	COSV58790365	COSM3211173	158918807		coding	n
CPAMD8	COSG106660	ENST00000291440.3	COSV52231528	COSN17166157	178056748		coding	n
ZNF467	COSG95041	ENST00000302017.3	COSV57373892	COSN17176557	108697158		coding	y
ATXN3	COSG104148	ENST00000554491.5	COSV61493838	COSM10774048	168663183		coding	n
ABCC4	COSG70112	ENST00000536256.3	COSV65310434	COSN13448038	161151683		coding	n
FHOD3	COSG91888	ENST00000257209.8	COSV57191978	COSN13766590	103803291		coding	n
RNF212	COSG78650	ENST00000506730.5	COSV61365207	COSN14088152	152283281		coding	n
UNC79	COSG87660	ENST00000256339.8	COSV56375930	COSM2252494	108349520		coding	y
AC087289.3	COSG64620	ENST00000593156.1	COSV59865598	COSN13747900	174067047		coding	n
ATP2B3	COSG102707	ENST00000370186.5	COSV54866548	COSM3235419	119053650		coding	n
GRM7	COSG102472	ENST00000402647.6	COSV63180700	COSN14080900	125258320		coding	n
MMP14	COSG92179	ENST00000311852.10	COSV61290014	COSN13577944	106839308		coding	y
TMPRSS11B	COSG64451	ENST00000502365.1	COSV60294819	COSN14119665	150106649		coding	n
SNCAIP	COSG98459	ENST00000542191.5	COSV54423799	COSM3134977	164057655		coding	n
HOXB-AS3	COSG96457	ENST00000474040.5	COSV53312327	COSN13728847	143963069		coding	n
PPP2R2B	COSG59726	ENST00000530902.5	COSV60754502	COSM4345440	160640429		coding	n
OTULINL	COSG63301	ENST00000274217.3	COSV57034393	COSN14146319	177889222		coding	y
AP000311.1	COSG69968	ENST00000429238.2	COSV67157851	COSN13882055	134867384		coding	y
CCDC115	COSG110439	ENST00000465315.1	COSV52092474	COSN13934602	141673930		coding	n
EBF1	COSG87583	ENST00000517373.1	COSV58195426	COSN14152544	154027594		coding	n
ATP5F1A	COSG105814	ENST00000586523.1	COSV56362544	COSN13768010	173047693		coding	n
CD6	COSG75848	ENST00000344931.9	COSV57841470	COSM2036861	113528865		coding	n
FCGRT	COSG102515	ENST00000595881.1	COSV54544482	COSN13820117	175166407		coding	n
IST1	COSG60299	ENST00000378799.10	COSV58664583	COSN13688589	123930309		coding	n
ASPH	COSG64227	ENST00000541428.5	COSV62862176	COSN14348761	162030732		coding	n
DLG5	COSG64422	ENST00000372391.6	COSV64950690	COSN13286820	118727387		coding	y
FYB1	COSG79357	ENST00000515010.5	COSV60959589	COSM2689402	154193744		coding	n
ABL2	COSG93778	ENST00000502732.5	COSV62671025	COSN13496514	151277277		coding	y
MACF1	COSG74000	ENST00000372925.6	COSV57128062	COSM4237813	120786166		coding	n
SELENOS	COSG112455	ENST00000528346.1	COSV68011473	COSM2200880	157670387		coding	n
