GENE_SYMBOL	COSMIC_GENE_ID	TRANSCRIPT_ACCESSION	COSMIC_SAMPLE_ID	SAMPLE_NAME	COSMIC_PHENOTYPE_ID	GENOMIC_MUTATION_ID	LEGACY_MUTATION_ID	MUTATION_ID	MUTATION_CDS	MUTATION_AA	MUTATION_DESCRIPTION	MUTATION_ZYGOSITY	LOH	CHROMOSOME	GENOME_START	GENOME_STOP	STRAND	PUBMED_PMID	COSMIC_STUDY_ID	HGVSP	HGVSC	HGVSG	GENOMIC_WT_ALLELE	GENOMIC_MUT_ALLELE	MUTATION_SOMATIC_STATUS	POSITIVE_SCREEN
RAD51C	COSG61292	ENST00000583539.5	COSS2954334	PD36474a	COSO58566091	COSV107271003	COSN32910505	172341852	c.145+706C>T	p.?	intron_variant		u	17	58693494	58693494	+	36219477			ENST00000583539.5:c.145+706C>T	17:g.58693494C>T	C	T	Variant of unknown origin	y
CTNNB1	COSG100985	ENST00000646174.1	COSS2777593	9	COSO38236874	COSV62727774	COSM6120	190115878	c.104_124del	p.T35_G41del	inframe_deletion		u	3	41224637	41224657	+	28069929		ENSP00000495161.1:p.Thr35_Gly41del	ENST00000646174.1:c.104_124del	3:g.41224637_41224657del	CAGCTCCTTCTCTGAGTGGTA		Variant of unknown origin	y
CTNNB1	COSG100985	ENST00000646174.1	COSS876876	E7485	COSO28425298	COSV62727774	COSM6120	190115878	c.104_124del	p.T35_G41del	inframe_deletion		u	3	41224637	41224657	+	11823972		ENSP00000495161.1:p.Thr35_Gly41del	ENST00000646174.1:c.104_124del	3:g.41224637_41224657del	CAGCTCCTTCTCTGAGTGGTA		Variant of unknown origin	y
EZH2	COSG109206	ENST00000483967.5	COSS2954331	PD36454a	COSO58566091	COSV57461905	COSM3635744	146599459	c.656C>T	p.S219F	missense_variant		u	7	148827209	148827209	-	36219477		ENSP00000419856.1:p.Ser219Phe	ENST00000483967.5:c.656C>T	7:g.148827209G>A	G	A	Reported in another cancer sample as somatic	y
MEN1	COSG70965	ENST00000394374.6	COSS1021809	1021809	COSO31804837	COSV56342528	COSM23063	125771175	c.292del	p.R98Efs*21	frameshift_variant		u	11	64809819	64809819	-	10870030		ENSP00000377899.2:p.Arg98GlufsTer21	ENST00000394374.6:c.292del	11:g.64809819del	G		Confirmed somatic variant	y
PRKN	COSG78769	ENST00000366894.5	COSS2721017	P-0004619-T01-IM5	COSO31984830	COSV58239542	COSM6937161	117912277	c.484G>A	p.E162K	missense_variant	het	u	6	161548880	161548880	-	28481359		ENSP00000355860.1:p.Glu162Lys	ENST00000366894.5:c.484G>A	6:g.161548880C>T	C	T	Confirmed somatic variant	y
PRKN	COSG78769	ENST00000366894.5	COSS2721040	P-0004641-T01-IM5	COSO32664830	COSV58239542	COSM6937161	117912277	c.484G>A	p.E162K	missense_variant	het	u	6	161548880	161548880	-	28481359		ENSP00000355860.1:p.Glu162Lys	ENST00000366894.5:c.484G>A	6:g.161548880C>T	C	T	Confirmed somatic variant	y
PRKN	COSG78769	ENST00000366894.5	COSS2949291	CC_27	COSO58564830	COSV58239542	COSM6937161	117912277	c.484G>A	p.E162K	missense_variant		u	6	161548880	161548880	-	27442865		ENSP00000355860.1:p.Glu162Lys	ENST00000366894.5:c.484G>A	6:g.161548880C>T	C	T	Confirmed somatic variant	y
TRIP12	COSG76093	ENST00000389044.8	COSS1312969	Br07X	COSO28245232	COSV52258705	COSM40983	124364219	c.648A>G	p.K216=	synonymous_variant	het	u	2	229859151	229859151	-	18772396		ENSP00000373696.4:p.Lys216=	ENST00000389044.8:c.648A>G	2:g.229859151T>C	T	C	Confirmed somatic variant	y
BLM	COSG113995	ENST00000355112.7	COSS2987908	2987908	COSO29005278	COSV109434969	COSM10889747	112600132	c.1720_1735del	p.A575Pfs*38	frameshift_variant		u	15	90761093	90761108	+	38201431		ENSP00000347232.3:p.Ala575ProfsTer38	ENST00000355112.7:c.1720_1735del	15:g.90761093_90761108del	TTAGCAGCCAGCAAAT		Variant of unknown origin	y
PIK3CG	COSG85598	ENST00000359195.3	COSS1520616	86576	COSO29914826	COSV63250319	COSM94994	117352345	c.1092G>T	p.K364N	missense_variant		u	7	106868653	106868653	+	20668451		ENSP00000352121.3:p.Lys364Asn	ENST00000359195.3:c.1092G>T	7:g.106868653G>T	G	T	Confirmed somatic variant	y
TTN	COSG105957	ENST00000615779.5	COSS2954714	PD36433a	COSO32686078	COSV107414073	COSM10516816	182386020	c.65428A>T	p.S21810C	missense_variant		u	2	178575781	178575781	-	36219477		ENSP00000483597.1:p.Ser21810Cys	ENST00000615779.5:c.65428A>T	2:g.178575781T>A	T	A	Variant of unknown origin	y
MITF	COSG60330	ENST00000394351.8	COSS2719536	P-0002756-T03-IM5	COSO28395278	COSV58830311	COSM6987527	125703431	c.690G>C	p.L230F	missense_variant	het	u	3	69956510	69956510	+	28481359		ENSP00000377880.3:p.Leu230Phe	ENST00000394351.8:c.690G>C	3:g.69956510G>C	G	C	Variant of unknown origin	y
MITF	COSG60330	ENST00000394351.8	COSS2829518	P-0002756-T03-IM5	COSO28395278	COSV58830311	COSM6987527	125703431	c.690G>C	p.L230F	missense_variant		u	3	69956510	69956510	+	30205045		ENSP00000377880.3:p.Leu230Phe	ENST00000394351.8:c.690G>C	3:g.69956510G>C	G	C	Variant of unknown origin	y
TP53	COSG115384	ENST00000620739.4	COSS1387935	KHA03-17	COSO27964881	COSV53361901	COSM45288	180375547	c.100G>C	p.V34L	missense_variant		u	17	7676152	7676152	-	14670539		ENSP00000481638.1:p.Val34Leu	ENST00000620739.4:c.100G>C	17:g.7676152C>G	C	G	Reported in another cancer sample as somatic	y
TP53	COSG115384	ENST00000620739.4	COSS1387946	KHA03-16	COSO27964881	COSV53361901	COSM45288	180375547	c.100G>C	p.V34L	missense_variant		u	17	7676152	7676152	-	14670539		ENSP00000481638.1:p.Val34Leu	ENST00000620739.4:c.100G>C	17:g.7676152C>G	C	G	Reported in another cancer sample as somatic	y
TP53	COSG115384	ENST00000620739.4	COSS2728752	2728752	COSO29825606	COSV53361901	COSM45288	180375547	c.100G>C	p.V34L	missense_variant	het	u	17	7676152	7676152	-	26553052		ENSP00000481638.1:p.Val34Leu	ENST00000620739.4:c.100G>C	17:g.7676152C>G	C	G	Confirmed somatic variant	y
SUFU	COSG111528	ENST00000369902.7	COSS2954584	PD36328a	COSO33806091	COSV107476054	COSN32904210	117894912	c.*2816G>A	p.?	3_prime_UTR_variant		u	10	102632971	102632971	+	36219477			ENST00000369902.7:c.*2816G>A	10:g.102632971G>A	G	A	Variant of unknown origin	y
TTN	COSG105957	ENST00000360870.9	COSS2954636	PD36709a	COSO33476091	COSV59933745	COSM5395551	119838048	c.13390G>A	p.E4464K	missense_variant		u	2	178749010	178749010	-	36219477		ENSP00000354117.4:p.Glu4464Lys	ENST00000360870.9:c.13390G>A	2:g.178749010C>T	C	T	Reported in another cancer sample as somatic	y
TTN	COSG105957	ENST00000360870.9	COSS2954313	PD36265a	COSO58566050	COSV59933745	COSM5395551	119838048	c.13390G>A	p.E4464K	missense_variant		u	2	178749010	178749010	-	36219477		ENSP00000354117.4:p.Glu4464Lys	ENST00000360870.9:c.13390G>A	2:g.178749010C>T	C	T	Reported in another cancer sample as somatic	y
TTN	COSG105957	ENST00000360870.9	COSS2954602	PD36577a	COSO32926050	COSV59933745	COSM5395551	119838048	c.13390G>A	p.E4464K	missense_variant		u	2	178749010	178749010	-	36219477		ENSP00000354117.4:p.Glu4464Lys	ENST00000360870.9:c.13390G>A	2:g.178749010C>T	C	T	Reported in another cancer sample as somatic	y
CTNNB1	COSG100985	ENST00000405570.6	COSS2865979	MDA-AMP-606	COSO37895278	COSV105272287	COSM9613048	126878708	c.907del	p.I303Ffs*2	frameshift_variant		u	3	41225832	41225832	+	26804919		ENSP00000385604.1:p.Ile303PhefsTer2	ENST00000405570.6:c.907del	3:g.41225832del	A		Confirmed somatic variant	y
PSMD13	COSG69700	ENST00000532097.5	COSS2371742	SH-7282	COSO622110550	COSV61500474	COSN24385160	160770115	c.-20C>T	p.?	5_prime_UTR_variant		u	11	237030	237030	+	25589003			ENST00000532097.5:c.-20C>T	11:g.237030C>T	C	T	Reported in another cancer sample as somatic	y
PSMD13	COSG69700	ENST00000532097.5	COSS2371737	SH-4435	COSO622110550	COSV61500474	COSN24385160	160770115	c.-20C>T	p.?	5_prime_UTR_variant		u	11	237030	237030	+	25589003			ENST00000532097.5:c.-20C>T	11:g.237030C>T	C	T	Reported in another cancer sample as somatic	y
MED12	COSG113013	ENST00000374102.5	COSS2869936	5-WS001-T2	COSO32665726	COSV61339383	COSM4458685	122355917	c.1095C>T	p.I365=	synonymous_variant		u	X	71121810	71121810	+	26950094		ENSP00000363215.1:p.Ile365=	ENST00000374102.5:c.1095C>T	X:g.71121810C>T	C	T	Reported in another cancer sample as somatic	y
TSC1	COSG74466	ENST00000642627.1	COSS1927315	639-V	COSO27964862	COSV53771029	COSM1570290	188585215	c.853T>G	p.F285V	missense_variant	het	u	9	132912342	132912342	-	23401075		ENSP00000496772.1:p.Phe285Val	ENST00000642627.1:c.853T>G	9:g.132912342A>C	A	C	Variant of unknown origin	y
TSC1	COSG74466	ENST00000403810.6	COSS2902010	2902010	COSO36005325	COSV105880819	COSM9988582	127637864	c.74T>C	p.V25A	missense_variant		u	9	132928799	132928799	-	33328548		ENSP00000386093.1:p.Val25Ala	ENST00000403810.6:c.74T>C	9:g.132928799A>G	A	G	Variant of unknown origin	y
OPA1	COSG76537	ENST00000361828.7	COSS2819046	MG-135-tumor	COSO28365318	COSV104418818	COSN31815285	118295856	c.2818+206C>T	p.?	intron_variant		u	3	193667486	193667486	+	28713588			ENST00000361828.7:c.2818+206C>T	3:g.193667486C>T	C	T	Variant of unknown origin	y
OPA1	COSG76537	ENST00000361828.7	COSS2819063	MG-169-tumor	COSO28365316	COSV104418818	COSN31815285	118295856	c.2818+206C>T	p.?	intron_variant		u	3	193667486	193667486	+	28713588			ENST00000361828.7:c.2818+206C>T	3:g.193667486C>T	C	T	Variant of unknown origin	y
OPA1	COSG76537	ENST00000361828.7	COSS2819073	MG-187-tumor	COSO28365312	COSV104418818	COSN31815285	118295856	c.2818+206C>T	p.?	intron_variant		u	3	193667486	193667486	+	28713588			ENST00000361828.7:c.2818+206C>T	3:g.193667486C>T	C	T	Variant of unknown origin	y
OPA1	COSG76537	ENST00000361828.7	COSS2819111	MG-249-tumor	COSO28365318	COSV104418818	COSN31815285	118295856	c.2818+206C>T	p.?	intron_variant		u	3	193667486	193667486	+	28713588			ENST00000361828.7:c.2818+206C>T	3:g.193667486C>T	C	T	Variant of unknown origin	y
OPA1	COSG76537	ENST00000361828.7	COSS2819011	MG-075-tumor	COSO28365316	COSV104418818	COSN31815285	118295856	c.2818+206C>T	p.?	intron_variant		u	3	193667486	193667486	+	28713588			ENST00000361828.7:c.2818+206C>T	3:g.193667486C>T	C	T	Variant of unknown origin	y
OPA1	COSG76537	ENST00000361828.7	COSS2818993	MG-043-tumor	COSO28365312	COSV104418818	COSN31815285	118295856	c.2818+206C>T	p.?	intron_variant		u	3	193667486	193667486	+	28713588			ENST00000361828.7:c.2818+206C>T	3:g.193667486C>T	C	T	Variant of unknown origin	y
OPA1	COSG76537	ENST00000361828.7	COSS2818989	MG-038-tumor	COSO283610094	COSV104418818	COSN31815285	118295856	c.2818+206C>T	p.?	intron_variant		u	3	193667486	193667486	+	28713588			ENST00000361828.7:c.2818+206C>T	3:g.193667486C>T	C	T	Variant of unknown origin	y
OPA1	COSG76537	ENST00000361828.7	COSS2819020	MG-089-tumor	COSO28365316	COSV104418818	COSN31815285	118295856	c.2818+206C>T	p.?	intron_variant		u	3	193667486	193667486	+	28713588			ENST00000361828.7:c.2818+206C>T	3:g.193667486C>T	C	T	Variant of unknown origin	y
OPA1	COSG76537	ENST00000361828.7	COSS2819100	MG-225-tumor	COSO28365318	COSV104418818	COSN31815285	118295856	c.2818+206C>T	p.?	intron_variant		u	3	193667486	193667486	+	28713588			ENST00000361828.7:c.2818+206C>T	3:g.193667486C>T	C	T	Variant of unknown origin	y
OPA1	COSG76537	ENST00000361828.7	COSS2818996	MG-050-tumor	COSO28365316	COSV104418818	COSN31815285	118295856	c.2818+206C>T	p.?	intron_variant		u	3	193667486	193667486	+	28713588			ENST00000361828.7:c.2818+206C>T	3:g.193667486C>T	C	T	Variant of unknown origin	y
OPA1	COSG76537	ENST00000361828.7	COSS2819048	MG-142-tumor	COSO28365316	COSV104418818	COSN31815285	118295856	c.2818+206C>T	p.?	intron_variant		u	3	193667486	193667486	+	28713588			ENST00000361828.7:c.2818+206C>T	3:g.193667486C>T	C	T	Variant of unknown origin	y
OPA1	COSG76537	ENST00000361828.7	COSS2819040	MG-118-tumor	COSO28365318	COSV104418818	COSN31815285	118295856	c.2818+206C>T	p.?	intron_variant		u	3	193667486	193667486	+	28713588			ENST00000361828.7:c.2818+206C>T	3:g.193667486C>T	C	T	Variant of unknown origin	y
OPA1	COSG76537	ENST00000361828.7	COSS2819071	MG-185-tumor	COSO283610094	COSV104418818	COSN31815285	118295856	c.2818+206C>T	p.?	intron_variant		u	3	193667486	193667486	+	28713588			ENST00000361828.7:c.2818+206C>T	3:g.193667486C>T	C	T	Variant of unknown origin	y
OPA1	COSG76537	ENST00000361828.7	COSS2819023	MG-094-tumor	COSO28365314	COSV104418818	COSN31815285	118295856	c.2818+206C>T	p.?	intron_variant		u	3	193667486	193667486	+	28713588			ENST00000361828.7:c.2818+206C>T	3:g.193667486C>T	C	T	Variant of unknown origin	y
OPA1	COSG76537	ENST00000361828.7	COSS2819065	MG-172-tumor	COSO28365318	COSV104418818	COSN31815285	118295856	c.2818+206C>T	p.?	intron_variant		u	3	193667486	193667486	+	28713588			ENST00000361828.7:c.2818+206C>T	3:g.193667486C>T	C	T	Variant of unknown origin	y
OPA1	COSG76537	ENST00000361828.7	COSS2819052	MG-147-tumor	COSO28365312	COSV104418818	COSN31815285	118295856	c.2818+206C>T	p.?	intron_variant		u	3	193667486	193667486	+	28713588			ENST00000361828.7:c.2818+206C>T	3:g.193667486C>T	C	T	Variant of unknown origin	y
OPA1	COSG76537	ENST00000361828.7	COSS2819025	MG-097-tumor	COSO28365318	COSV104418818	COSN31815285	118295856	c.2818+206C>T	p.?	intron_variant		u	3	193667486	193667486	+	28713588			ENST00000361828.7:c.2818+206C>T	3:g.193667486C>T	C	T	Variant of unknown origin	y
OPA1	COSG76537	ENST00000361828.7	COSS2819037	MG-114-tumor	COSO28365312	COSV104418818	COSN31815285	118295856	c.2818+206C>T	p.?	intron_variant		u	3	193667486	193667486	+	28713588			ENST00000361828.7:c.2818+206C>T	3:g.193667486C>T	C	T	Variant of unknown origin	y
OPA1	COSG76537	ENST00000361828.7	COSS2819059	MG-160-tumor	COSO28365314	COSV104418818	COSN31815285	118295856	c.2818+206C>T	p.?	intron_variant		u	3	193667486	193667486	+	28713588			ENST00000361828.7:c.2818+206C>T	3:g.193667486C>T	C	T	Variant of unknown origin	y
OPA1	COSG76537	ENST00000361828.7	COSS2819090	MG-208-tumor	COSO283610778	COSV104418818	COSN31815285	118295856	c.2818+206C>T	p.?	intron_variant		u	3	193667486	193667486	+	28713588			ENST00000361828.7:c.2818+206C>T	3:g.193667486C>T	C	T	Variant of unknown origin	y
OPA1	COSG76537	ENST00000361828.7	COSS2819105	MG-230-tumor	COSO28365318	COSV104418818	COSN31815285	118295856	c.2818+206C>T	p.?	intron_variant		u	3	193667486	193667486	+	28713588			ENST00000361828.7:c.2818+206C>T	3:g.193667486C>T	C	T	Variant of unknown origin	y
OPA1	COSG76537	ENST00000361828.7	COSS2819120	MG-272-tumor	COSO28365312	COSV104418818	COSN31815285	118295856	c.2818+206C>T	p.?	intron_variant		u	3	193667486	193667486	+	28713588			ENST00000361828.7:c.2818+206C>T	3:g.193667486C>T	C	T	Variant of unknown origin	y
OPA1	COSG76537	ENST00000361828.7	COSS2819108	MG-245-tumor	COSO28365318	COSV104418818	COSN31815285	118295856	c.2818+206C>T	p.?	intron_variant		u	3	193667486	193667486	+	28713588			ENST00000361828.7:c.2818+206C>T	3:g.193667486C>T	C	T	Variant of unknown origin	y
OPA1	COSG76537	ENST00000361828.7	COSS2819022	MG-092-tumor	COSO28365270	COSV104418818	COSN31815285	118295856	c.2818+206C>T	p.?	intron_variant		u	3	193667486	193667486	+	28713588			ENST00000361828.7:c.2818+206C>T	3:g.193667486C>T	C	T	Variant of unknown origin	y
OPA1	COSG76537	ENST00000361828.7	COSS2818991	MG-041-tumor	COSO283610090	COSV104418818	COSN31815285	118295856	c.2818+206C>T	p.?	intron_variant		u	3	193667486	193667486	+	28713588			ENST00000361828.7:c.2818+206C>T	3:g.193667486C>T	C	T	Variant of unknown origin	y
OPA1	COSG76537	ENST00000361828.7	COSS2819067	MG-174-tumor	COSO28365316	COSV104418818	COSN31815285	118295856	c.2818+206C>T	p.?	intron_variant		u	3	193667486	193667486	+	28713588			ENST00000361828.7:c.2818+206C>T	3:g.193667486C>T	C	T	Variant of unknown origin	y
OPA1	COSG76537	ENST00000361828.7	COSS2819009	MG-073-tumor	COSO28365312	COSV104418818	COSN31815285	118295856	c.2818+206C>T	p.?	intron_variant		u	3	193667486	193667486	+	28713588			ENST00000361828.7:c.2818+206C>T	3:g.193667486C>T	C	T	Variant of unknown origin	y
OPA1	COSG76537	ENST00000361828.7	COSS2819043	MG-124-tumor	COSO28365316	COSV104418818	COSN31815285	118295856	c.2818+206C>T	p.?	intron_variant		u	3	193667486	193667486	+	28713588			ENST00000361828.7:c.2818+206C>T	3:g.193667486C>T	C	T	Variant of unknown origin	y
OPA1	COSG76537	ENST00000361828.7	COSS2819018	MG-086-tumor	COSO28365318	COSV104418818	COSN31815285	118295856	c.2818+206C>T	p.?	intron_variant		u	3	193667486	193667486	+	28713588			ENST00000361828.7:c.2818+206C>T	3:g.193667486C>T	C	T	Variant of unknown origin	y
OPA1	COSG76537	ENST00000361828.7	COSS2819062	MG-168-tumor	COSO28365312	COSV104418818	COSN31815285	118295856	c.2818+206C>T	p.?	intron_variant		u	3	193667486	193667486	+	28713588			ENST00000361828.7:c.2818+206C>T	3:g.193667486C>T	C	T	Variant of unknown origin	y
OPA1	COSG76537	ENST00000361828.7	COSS2819038	MG-116-tumor	COSO283610094	COSV104418818	COSN31815285	118295856	c.2818+206C>T	p.?	intron_variant		u	3	193667486	193667486	+	28713588			ENST00000361828.7:c.2818+206C>T	3:g.193667486C>T	C	T	Variant of unknown origin	y
OPA1	COSG76537	ENST00000361828.7	COSS2819028	MG-101-tumor	COSO28365318	COSV104418818	COSN31815285	118295856	c.2818+206C>T	p.?	intron_variant		u	3	193667486	193667486	+	28713588			ENST00000361828.7:c.2818+206C>T	3:g.193667486C>T	C	T	Variant of unknown origin	y
OPA1	COSG76537	ENST00000361828.7	COSS2819044	MG-125-tumor	COSO28365318	COSV104418818	COSN31815285	118295856	c.2818+206C>T	p.?	intron_variant		u	3	193667486	193667486	+	28713588			ENST00000361828.7:c.2818+206C>T	3:g.193667486C>T	C	T	Variant of unknown origin	y
OPA1	COSG76537	ENST00000361828.7	COSS2819096	MG-218-tumor	COSO28365312	COSV104418818	COSN31815285	118295856	c.2818+206C>T	p.?	intron_variant		u	3	193667486	193667486	+	28713588			ENST00000361828.7:c.2818+206C>T	3:g.193667486C>T	C	T	Variant of unknown origin	y
OPA1	COSG76537	ENST00000361828.7	COSS2819017	MG-085-tumor	COSO28365270	COSV104418818	COSN31815285	118295856	c.2818+206C>T	p.?	intron_variant		u	3	193667486	193667486	+	28713588			ENST00000361828.7:c.2818+206C>T	3:g.193667486C>T	C	T	Variant of unknown origin	y
OPA1	COSG76537	ENST00000361828.7	COSS2819019	MG-087-tumor	COSO283610094	COSV104418818	COSN31815285	118295856	c.2818+206C>T	p.?	intron_variant		u	3	193667486	193667486	+	28713588			ENST00000361828.7:c.2818+206C>T	3:g.193667486C>T	C	T	Variant of unknown origin	y
OPA1	COSG76537	ENST00000361828.7	COSS2819082	MG-197-tumor	COSO28365312	COSV104418818	COSN31815285	118295856	c.2818+206C>T	p.?	intron_variant		u	3	193667486	193667486	+	28713588			ENST00000361828.7:c.2818+206C>T	3:g.193667486C>T	C	T	Variant of unknown origin	y
OPA1	COSG76537	ENST00000361828.7	COSS2819015	MG-081-tumor	COSO28365314	COSV104418818	COSN31815285	118295856	c.2818+206C>T	p.?	intron_variant		u	3	193667486	193667486	+	28713588			ENST00000361828.7:c.2818+206C>T	3:g.193667486C>T	C	T	Variant of unknown origin	y
OPA1	COSG76537	ENST00000361828.7	COSS2819004	MG-066-tumor	COSO28365316	COSV104418818	COSN31815285	118295856	c.2818+206C>T	p.?	intron_variant		u	3	193667486	193667486	+	28713588			ENST00000361828.7:c.2818+206C>T	3:g.193667486C>T	C	T	Variant of unknown origin	y
OPA1	COSG76537	ENST00000361828.7	COSS2819013	MG-077-tumor	COSO28365316	COSV104418818	COSN31815285	118295856	c.2818+206C>T	p.?	intron_variant		u	3	193667486	193667486	+	28713588			ENST00000361828.7:c.2818+206C>T	3:g.193667486C>T	C	T	Variant of unknown origin	y
OPA1	COSG76537	ENST00000361828.7	COSS2819118	MG-269-tumor	COSO28365312	COSV104418818	COSN31815285	118295856	c.2818+206C>T	p.?	intron_variant		u	3	193667486	193667486	+	28713588			ENST00000361828.7:c.2818+206C>T	3:g.193667486C>T	C	T	Variant of unknown origin	y
OPA1	COSG76537	ENST00000361828.7	COSS2819024	MG-095-tumor	COSO28365312	COSV104418818	COSN31815285	118295856	c.2818+206C>T	p.?	intron_variant		u	3	193667486	193667486	+	28713588			ENST00000361828.7:c.2818+206C>T	3:g.193667486C>T	C	T	Variant of unknown origin	y
OPA1	COSG76537	ENST00000361828.7	COSS2819008	MG-072-tumor	COSO28365314	COSV104418818	COSN31815285	118295856	c.2818+206C>T	p.?	intron_variant		u	3	193667486	193667486	+	28713588			ENST00000361828.7:c.2818+206C>T	3:g.193667486C>T	C	T	Variant of unknown origin	y
OPA1	COSG76537	ENST00000361828.7	COSS2819069	MG-176-tumor	COSO28365316	COSV104418818	COSN31815285	118295856	c.2818+206C>T	p.?	intron_variant		u	3	193667486	193667486	+	28713588			ENST00000361828.7:c.2818+206C>T	3:g.193667486C>T	C	T	Variant of unknown origin	y
OPA1	COSG76537	ENST00000361828.7	COSS2819060	MG-162-tumor	COSO28365312	COSV104418818	COSN31815285	118295856	c.2818+206C>T	p.?	intron_variant		u	3	193667486	193667486	+	28713588			ENST00000361828.7:c.2818+206C>T	3:g.193667486C>T	C	T	Variant of unknown origin	y
OPA1	COSG76537	ENST00000361828.7	COSS2819000	MG-061-tumor	COSO28365318	COSV104418818	COSN31815285	118295856	c.2818+206C>T	p.?	intron_variant		u	3	193667486	193667486	+	28713588			ENST00000361828.7:c.2818+206C>T	3:g.193667486C>T	C	T	Variant of unknown origin	y
OPA1	COSG76537	ENST00000361828.7	COSS2819041	MG-120-tumor	COSO28365318	COSV104418818	COSN31815285	118295856	c.2818+206C>T	p.?	intron_variant		u	3	193667486	193667486	+	28713588			ENST00000361828.7:c.2818+206C>T	3:g.193667486C>T	C	T	Variant of unknown origin	y
OPA1	COSG76537	ENST00000361828.7	COSS2819114	MG-257-tumor	COSO28365314	COSV104418818	COSN31815285	118295856	c.2818+206C>T	p.?	intron_variant		u	3	193667486	193667486	+	28713588			ENST00000361828.7:c.2818+206C>T	3:g.193667486C>T	C	T	Variant of unknown origin	y
OPA1	COSG76537	ENST00000361828.7	COSS2819064	MG-171-tumor	COSO28365318	COSV104418818	COSN31815285	118295856	c.2818+206C>T	p.?	intron_variant		u	3	193667486	193667486	+	28713588			ENST00000361828.7:c.2818+206C>T	3:g.193667486C>T	C	T	Variant of unknown origin	y
OPA1	COSG76537	ENST00000361828.7	COSS2819098	MG-222-tumor	COSO28365312	COSV104418818	COSN31815285	118295856	c.2818+206C>T	p.?	intron_variant		u	3	193667486	193667486	+	28713588			ENST00000361828.7:c.2818+206C>T	3:g.193667486C>T	C	T	Variant of unknown origin	y
OPA1	COSG76537	ENST00000361828.7	COSS2819036	MG-113-tumor	COSO28365316	COSV104418818	COSN31815285	118295856	c.2818+206C>T	p.?	intron_variant		u	3	193667486	193667486	+	28713588			ENST00000361828.7:c.2818+206C>T	3:g.193667486C>T	C	T	Variant of unknown origin	y
OPA1	COSG76537	ENST00000361828.7	COSS2819057	MG-157-tumor	COSO283610778	COSV104418818	COSN31815285	118295856	c.2818+206C>T	p.?	intron_variant		u	3	193667486	193667486	+	28713588			ENST00000361828.7:c.2818+206C>T	3:g.193667486C>T	C	T	Variant of unknown origin	y
OPA1	COSG76537	ENST00000361828.7	COSS2819091	MG-209-tumor	COSO28365312	COSV104418818	COSN31815285	118295856	c.2818+206C>T	p.?	intron_variant		u	3	193667486	193667486	+	28713588			ENST00000361828.7:c.2818+206C>T	3:g.193667486C>T	C	T	Variant of unknown origin	y
OPA1	COSG76537	ENST00000361828.7	COSS2818998	MG-057-tumor	COSO28365316	COSV104418818	COSN31815285	118295856	c.2818+206C>T	p.?	intron_variant		u	3	193667486	193667486	+	28713588			ENST00000361828.7:c.2818+206C>T	3:g.193667486C>T	C	T	Variant of unknown origin	y
OPA1	COSG76537	ENST00000361828.7	COSS2819102	MG-227-tumor	COSO28365312	COSV104418818	COSN31815285	118295856	c.2818+206C>T	p.?	intron_variant		u	3	193667486	193667486	+	28713588			ENST00000361828.7:c.2818+206C>T	3:g.193667486C>T	C	T	Variant of unknown origin	y
OPA1	COSG76537	ENST00000361828.7	COSS2819078	MG-192-tumor	COSO28365312	COSV104418818	COSN31815285	118295856	c.2818+206C>T	p.?	intron_variant		u	3	193667486	193667486	+	28713588			ENST00000361828.7:c.2818+206C>T	3:g.193667486C>T	C	T	Variant of unknown origin	y
OPA1	COSG76537	ENST00000361828.7	COSS2819066	MG-173-tumor	COSO28365312	COSV104418818	COSN31815285	118295856	c.2818+206C>T	p.?	intron_variant		u	3	193667486	193667486	+	28713588			ENST00000361828.7:c.2818+206C>T	3:g.193667486C>T	C	T	Variant of unknown origin	y
OPA1	COSG76537	ENST00000361828.7	COSS2819113	MG-252-tumor	COSO28365318	COSV104418818	COSN31815285	118295856	c.2818+206C>T	p.?	intron_variant		u	3	193667486	193667486	+	28713588			ENST00000361828.7:c.2818+206C>T	3:g.193667486C>T	C	T	Variant of unknown origin	y
OPA1	COSG76537	ENST00000361828.7	COSS2818981	MG-014-tumor	COSO28365318	COSV104418818	COSN31815285	118295856	c.2818+206C>T	p.?	intron_variant		u	3	193667486	193667486	+	28713588			ENST00000361828.7:c.2818+206C>T	3:g.193667486C>T	C	T	Variant of unknown origin	y
OPA1	COSG76537	ENST00000361828.7	COSS2819117	MG-266-tumor	COSO28365312	COSV104418818	COSN31815285	118295856	c.2818+206C>T	p.?	intron_variant		u	3	193667486	193667486	+	28713588			ENST00000361828.7:c.2818+206C>T	3:g.193667486C>T	C	T	Variant of unknown origin	y
OPA1	COSG76537	ENST00000361828.7	COSS2819075	MG-189-tumor	COSO283610778	COSV104418818	COSN31815285	118295856	c.2818+206C>T	p.?	intron_variant		u	3	193667486	193667486	+	28713588			ENST00000361828.7:c.2818+206C>T	3:g.193667486C>T	C	T	Variant of unknown origin	y
OPA1	COSG76537	ENST00000361828.7	COSS2818992	MG-042-tumor	COSO28365316	COSV104418818	COSN31815285	118295856	c.2818+206C>T	p.?	intron_variant		u	3	193667486	193667486	+	28713588			ENST00000361828.7:c.2818+206C>T	3:g.193667486C>T	C	T	Variant of unknown origin	y
OPA1	COSG76537	ENST00000361828.7	COSS2819010	MG-074-tumor	COSO283610090	COSV104418818	COSN31815285	118295856	c.2818+206C>T	p.?	intron_variant		u	3	193667486	193667486	+	28713588			ENST00000361828.7:c.2818+206C>T	3:g.193667486C>T	C	T	Variant of unknown origin	y
OPA1	COSG76537	ENST00000361828.7	COSS2819014	MG-078-tumor	COSO28365318	COSV104418818	COSN31815285	118295856	c.2818+206C>T	p.?	intron_variant		u	3	193667486	193667486	+	28713588			ENST00000361828.7:c.2818+206C>T	3:g.193667486C>T	C	T	Variant of unknown origin	y
OPA1	COSG76537	ENST00000361828.7	COSS2819107	MG-244-tumor	COSO28365318	COSV104418818	COSN31815285	118295856	c.2818+206C>T	p.?	intron_variant		u	3	193667486	193667486	+	28713588			ENST00000361828.7:c.2818+206C>T	3:g.193667486C>T	C	T	Variant of unknown origin	y
OPA1	COSG76537	ENST00000361828.7	COSS2819021	MG-091-tumor	COSO28365314	COSV104418818	COSN31815285	118295856	c.2818+206C>T	p.?	intron_variant		u	3	193667486	193667486	+	28713588			ENST00000361828.7:c.2818+206C>T	3:g.193667486C>T	C	T	Variant of unknown origin	y
OPA1	COSG76537	ENST00000361828.7	COSS2818987	MG-027-tumor	COSO28365312	COSV104418818	COSN31815285	118295856	c.2818+206C>T	p.?	intron_variant		u	3	193667486	193667486	+	28713588			ENST00000361828.7:c.2818+206C>T	3:g.193667486C>T	C	T	Variant of unknown origin	y
OPA1	COSG76537	ENST00000361828.7	COSS2819072	MG-186-tumor	COSO283610094	COSV104418818	COSN31815285	118295856	c.2818+206C>T	p.?	intron_variant		u	3	193667486	193667486	+	28713588			ENST00000361828.7:c.2818+206C>T	3:g.193667486C>T	C	T	Variant of unknown origin	y
OPA1	COSG76537	ENST00000361828.7	COSS2819016	MG-083-tumor	COSO28365312	COSV104418818	COSN31815285	118295856	c.2818+206C>T	p.?	intron_variant		u	3	193667486	193667486	+	28713588			ENST00000361828.7:c.2818+206C>T	3:g.193667486C>T	C	T	Variant of unknown origin	y
OPA1	COSG76537	ENST00000361828.7	COSS2819039	MG-117-tumor	COSO283610094	COSV104418818	COSN31815285	118295856	c.2818+206C>T	p.?	intron_variant		u	3	193667486	193667486	+	28713588			ENST00000361828.7:c.2818+206C>T	3:g.193667486C>T	C	T	Variant of unknown origin	y
OPA1	COSG76537	ENST00000361828.7	COSS2819122	MG-275-tumor	COSO28365310	COSV104418818	COSN31815285	118295856	c.2818+206C>T	p.?	intron_variant		u	3	193667486	193667486	+	28713588			ENST00000361828.7:c.2818+206C>T	3:g.193667486C>T	C	T	Variant of unknown origin	y
OPA1	COSG76537	ENST00000361828.7	COSS2819026	MG-099-tumor	COSO28365314	COSV104418818	COSN31815285	118295856	c.2818+206C>T	p.?	intron_variant		u	3	193667486	193667486	+	28713588			ENST00000361828.7:c.2818+206C>T	3:g.193667486C>T	C	T	Variant of unknown origin	y
