SAMPLE_NAME	COSMIC_SAMPLE_ID	COSMIC_PHENOTYPE_ID	COSMIC_STRUCTURAL_ID	MUTATION_TYPE	DESCRIPTION	PUBMED_PMID	COSMIC_STUDY_ID	ID_STRUC_GEN	CHROMOSOME_FROM	CHROMOSOME_TO	LOCATION_FROM_MIN	LOCATION_FROM_MAX	LOCATION_TO_MIN	LOCATION_TO_MAX	STRAND_FROM	STRAND_TO
A12C-0020_CRUK_PC_0020_M2_DNA	COSS2339421	COSO32054826	COST192238	interchromosomal insertion	chr10:g.106758651_107198782ins		COSU538	413414	10	10	106758651	106758651	107198782	107198782	-	-
A12C-0020_CRUK_PC_0020_M2_DNA	COSS2339421	COSO32054826	COST192255	intrachromosomal inversion	chr5:g.34911300_35209593inv		COSU538	413431	5	5	34911300	34911300	35209593	35209593	-	+
A12C-0020_CRUK_PC_0020_M2_DNA	COSS2339421	COSO32054826	COST192256	interchromosomal insertion	chr7:g.1768184_2224248ins		COSU538	413432	7	7	1768184	1768184	2224248	2224248	-	-
A12C-0020_CRUK_PC_0020_M2_DNA	COSS2339421	COSO32054826	COST192271	interchromosomal insertion	chrX:g.66882759_67094314ins		COSU538	413548	23	23	66882759	66882759	67094314	67094314	-	-
A12C-0020_CRUK_PC_0020_M2_DNA	COSS2339421	COSO32054826	COST192501	intrachromosomal inversion	chr7:g.1913296_6329931inv		COSU538	412325	7	7	1913296	1913296	6329931	6329931	+	-
A12D-0020_CRUK_PC_0020_M3_DNA	COSS2340723	COSO32054826	COST188862	Interchromosomal unknown type	chr13:g.38620411_chr17:49714217bkpt		COSU538	409609	13	17	38620411	38620411	49714217	49714217	-	-
A12D-0020_CRUK_PC_0020_M3_DNA	COSS2340723	COSO32054826	COST188864	interchromosomal insertion	chr13:g.75515045_92394065ins		COSU538	409611	13	13	75515045	75515045	92394065	92394065	-	-
A12D-0020_CRUK_PC_0020_M3_DNA	COSS2340723	COSO32054826	COST188865	intrachromosomal inversion	chr17:g.5601952_5618304inv		COSU538	409612	17	17	5601952	5601952	5618304	5618304	+	-
A12D-0020_CRUK_PC_0020_M3_DNA	COSS2340723	COSO32054826	COST188866	intrachromosomal inversion	chr17:g.5601685_17224869inv		COSU538	409613	17	17	5601685	5601685	17224869	17224869	-	+
A12D-0020_CRUK_PC_0020_M3_DNA	COSS2340723	COSO32054826	COST188888	intrachromosomal deletion	chr21:g.38473678_41498644del		COSU538	409749	21	21	38473678	38473678	41498644	41498644	+	+
A12D-0020_CRUK_PC_0020_M3_DNA	COSS2340723	COSO32054826	COST188889	intrachromosomal deletion	chr22:g.25522003_25532761del		COSU538	409750	22	22	25522003	25522003	25532761	25532761	+	+
A12D-0020_CRUK_PC_0020_M3_DNA	COSS2340723	COSO32054826	COST188890	intrachromosomal deletion	chrX:g.71246794_71262617del		COSU538	409751	23	23	71246794	71246794	71262617	71262617	+	+
A12D-0020_CRUK_PC_0020_M3_DNA	COSS2340723	COSO32054826	COST189027	intrachromosomal deletion	chr1:g.148994156_147710568del		COSU538	410347	1	1	148994156	148994156	147710568	147710568	+	+
A12D-0020_CRUK_PC_0020_M3_DNA	COSS2340723	COSO32054826	COST189028	interchromosomal insertion	chr1:g.145913446_147542677ins		COSU538	410348	1	1	145913446	145913446	147542677	147542677	-	-
A12D-0020_CRUK_PC_0020_M3_DNA	COSS2340723	COSO32054826	COST189081	intrachromosomal inversion	chr1:g.231566334_232259272inv		COSU538	410516	1	1	231566334	231566334	232259272	232259272	-	+
A12D-0020_CRUK_PC_0020_M3_DNA	COSS2340723	COSO32054826	COST189082	interchromosomal insertion	chr2:g.210772339_211453742ins		COSU538	410517	2	2	210772339	210772339	211453742	211453742	-	-
A12D-0020_CRUK_PC_0020_M3_DNA	COSS2340723	COSO32054826	COST189104	intrachromosomal inversion	chr3:g.9307336_49520273inv		COSU538	410653	3	3	9307336	9307336	49520273	49520273	+	-
A12D-0020_CRUK_PC_0020_M3_DNA	COSS2340723	COSO32054826	COST189105	intrachromosomal deletion	chr3:g.31176827_153232876del		COSU538	410654	3	3	31176827	31176827	153232876	153232876	+	+
A12D-0020_CRUK_PC_0020_M3_DNA	COSS2340723	COSO32054826	COST189123	interchromosomal insertion	chr4:g.31792762_32809470ins		COSU538	410672	4	4	31792762	31792762	32809470	32809470	-	-
A12D-0020_CRUK_PC_0020_M3_DNA	COSS2340723	COSO32054826	COST189124	Interchromosomal unknown type	chr7:g.64510610_chrX:73028677bkpt		COSU538	410673	7	23	64510610	64510610	73028677	73028677	-	-
A12D-0020_CRUK_PC_0020_M3_DNA	COSS2340723	COSO32054826	COST189125	intrachromosomal inversion	chr7:g.65263741_65264218inv		COSU538	410674	7	7	65263741	65263741	65264218	65264218	+	-
A12D-0020_CRUK_PC_0020_M3_DNA	COSS2340723	COSO32054826	COST189144	intrachromosomal inversion	chr7:g.124664740_130888482inv		COSU538	410807	7	7	124664740	124664740	130888482	130888482	-	+
A12D-0020_CRUK_PC_0020_M3_DNA	COSS2340723	COSO32054826	COST189162	intrachromosomal deletion	chr2:g.135512232_135513482del		COSU538	410825	2	2	135512232	135512232	135513482	135513482	+	+
A12D-0020_CRUK_PC_0020_M3_DNA	COSS2340723	COSO32054826	COST189163	Interchromosomal unknown type	chr7:g.128102629_chrX:77661476bkpt		COSU538	410826	7	23	128102629	128102629	77661476	77661476	+	-
A12D-0020_CRUK_PC_0020_M3_DNA	COSS2340723	COSO32054826	COST189195	intrachromosomal inversion	chr3:g.28405133_70075161inv		COSU538	410973	3	3	28405133	28405133	70075161	70075161	-	+
A12D-0020_CRUK_PC_0020_M3_DNA	COSS2340723	COSO32054826	COST189196	intrachromosomal inversion	chr3:g.32341868_72555690inv		COSU538	410974	3	3	32341868	32341868	72555690	72555690	-	+
A12D-0020_CRUK_PC_0020_M3_DNA	COSS2340723	COSO32054826	COST189197	Interchromosomal unknown type	chr7:g.145319731_chr8:38571070bkpt		COSU538	410975	7	8	145319731	145319731	38571070	38571070	-	-
A12D-0020_CRUK_PC_0020_M3_DNA	COSS2340723	COSO32054826	COST189198	Interchromosomal unknown type	chr7:g.149988211_chrX:79269506bkpt		COSU538	410976	7	23	149988211	149988211	79269506	79269506	+	-
A12D-0020_CRUK_PC_0020_M3_DNA	COSS2340723	COSO32054826	COST189217	interchromosomal insertion	chr3:g.68645859_69196688ins		COSU538	411111	3	3	68645859	68645859	69196688	69196688	-	-
A12D-0020_CRUK_PC_0020_M3_DNA	COSS2340723	COSO32054826	COST189218	Interchromosomal unknown type	chr8:g.63682921_chrX:81866200bkpt		COSU538	411112	8	23	63682921	63682921	81866200	81866200	-	+
A12D-0020_CRUK_PC_0020_M3_DNA	COSS2340723	COSO32054826	COST189219	Interchromosomal unknown type	chr8:g.75599694_chrX:62982592bkpt		COSU538	411113	8	23	75599694	75599694	62982592	62982592	+	+
A12D-0020_CRUK_PC_0020_M3_DNA	COSS2340723	COSO32054826	COST189893	Interchromosomal unknown type	chr10:g.66590184_chr22:28669814bkpt		COSU538	411329	10	22	66590184	66590184	28669814	28669814	-	+
A12D-0020_CRUK_PC_0020_M3_DNA	COSS2340723	COSO32054826	COST189894	Interchromosomal unknown type	chr11:g.47431674_chr13:75520737bkpt		COSU538	411330	11	13	47431674	47431674	75520737	75520737	-	+
A12D-0020_CRUK_PC_0020_M3_DNA	COSS2340723	COSO32054826	COST189895	interchromosomal insertion	chr12:g.57501508_58555958ins		COSU538	411331	12	12	57501508	57501508	58555958	58555958	-	-
A12D-0020_CRUK_PC_0020_M3_DNA	COSS2340723	COSO32054826	COST189896	interchromosomal insertion	chr12:g.105181504_105415707ins		COSU538	411332	12	12	105181504	105181504	105415707	105415707	-	-
A12D-0020_CRUK_PC_0020_M3_DNA	COSS2340723	COSO32054826	COST189897	intrachromosomal inversion	chr12:g.105183134_105376373inv		COSU538	411447	12	12	105183134	105183134	105376373	105376373	+	-
A12D-0020_CRUK_PC_0020_M3_DNA	COSS2340723	COSO32054826	COST189898	intrachromosomal inversion	chr12:g.105377053_105415748inv		COSU538	411448	12	12	105377053	105377053	105415748	105415748	-	+
A12D-0020_CRUK_PC_0020_M3_DNA	COSS2340723	COSO32054826	COST189920	Interchromosomal unknown type	chr13:g.97163500_chr17:20999648bkpt		COSU538	411470	13	17	97163500	97163500	20999648	20999648	+	+
A12D-0020_CRUK_PC_0020_M3_DNA	COSS2340723	COSO32054826	COST189921	intrachromosomal deletion	chr12:g.107949664_107950679del		COSU538	411471	12	12	107949664	107949664	107950679	107950679	+	+
A12D-0020_CRUK_PC_0020_M3_DNA	COSS2340723	COSO32054826	COST189922	intrachromosomal inversion	chr13:g.75516158_75520709inv		COSU538	411472	13	13	75516158	75516158	75520709	75520709	+	-
A12D-0020_CRUK_PC_0020_M3_DNA	COSS2340723	COSO32054826	COST189923	intrachromosomal inversion	chr16:g.63451233_63451353inv		COSU538	411473	16	16	63451233	63451233	63451353	63451353	-	+
A17A-0095_CRUK_PC_0095_M1_DNA	COSS2340340	COSO32054826	COST190480	Interchromosomal unknown type	chr13:g.95651227_chr20:8305969bkpt		COSU538	411191	13	20	95651227	95651227	8305969	8305969	+	+
A17A-0095_CRUK_PC_0095_M1_DNA	COSS2340340	COSO32054826	COST190481	interchromosomal insertion	chr14:g.34802071_34812206ins		COSU538	411192	14	14	34802071	34802071	34812206	34812206	-	-
A17A-0095_CRUK_PC_0095_M1_DNA	COSS2340340	COSO32054826	COST190483	intrachromosomal deletion	chr6:g.167934202_168173465del		COSU538	411194	6	6	167934202	167934202	168173465	168173465	+	+
A17A-0095_CRUK_PC_0095_M1_DNA	COSS2340340	COSO32054826	COST190484	Interchromosomal unknown type	chr13:g.104030142_chr17:70255955bkpt		COSU538	411195	13	17	104030142	104030142	70255955	70255955	+	-
A17A-0095_CRUK_PC_0095_M1_DNA	COSS2340340	COSO32054826	COST190486	intrachromosomal deletion	chr7:g.26186233_26186641del		COSU538	411197	7	7	26186233	26186233	26186641	26186641	+	+
A17A-0095_CRUK_PC_0095_M1_DNA	COSS2340340	COSO32054826	COST190488	interchromosomal insertion	chr6:g.92032642_92044116ins		COSU538	411199	6	6	92032642	92032642	92044116	92044116	-	-
A17A-0095_CRUK_PC_0095_M1_DNA	COSS2340340	COSO32054826	COST190489	Interchromosomal unknown type	chr2:g.25598151_chr9:40051983bkpt		COSU538	411200	2	9	25598151	25598151	40051983	40051983	+	+
A17A-0095_CRUK_PC_0095_M1_DNA	COSS2340340	COSO32054826	COST190490	Interchromosomal unknown type	chr7:g.4349238_chr8:10808156bkpt		COSU538	411201	7	8	4349238	4349238	10808156	10808156	+	-
A17A-0095_CRUK_PC_0095_M1_DNA	COSS2340340	COSO32054826	COST190491	intrachromosomal inversion	chr2:g.97813937_205684120inv		COSU538	411202	2	2	97813937	97813937	205684120	205684120	-	+
A17A-0095_CRUK_PC_0095_M1_DNA	COSS2340340	COSO32054826	COST190492	Interchromosomal unknown type	chr7:g.9391131_chr16:25049389bkpt		COSU538	411203	7	16	9391131	9391131	25049389	25049389	+	+
A17A-0095_CRUK_PC_0095_M1_DNA	COSS2340340	COSO32054826	COST190494	interchromosomal insertion	chr2:g.106296219_106317154ins		COSU538	411205	2	2	106296219	106296219	106317154	106317154	-	-
A17A-0095_CRUK_PC_0095_M1_DNA	COSS2340340	COSO32054826	COST190497	interchromosomal insertion	chr7:g.51618796_51689017ins		COSU538	411208	7	7	51618796	51618796	51689017	51689017	-	-
A17A-0095_CRUK_PC_0095_M1_DNA	COSS2340340	COSO32054826	COST190498	interchromosomal insertion	chr7:g.53339418_53345296ins		COSU538	411209	7	7	53339418	53339418	53345296	53345296	-	-
A17A-0095_CRUK_PC_0095_M1_DNA	COSS2340340	COSO32054826	COST190500	interchromosomal insertion	chr2:g.162056235_162584677ins		COSU538	411211	2	2	162056235	162056235	162584677	162584677	-	-
A17A-0095_CRUK_PC_0095_M1_DNA	COSS2340340	COSO32054826	COST190501	interchromosomal insertion	chr2:g.162812296_162847263ins		COSU538	411212	2	2	162812296	162812296	162847263	162847263	-	-
A17A-0095_CRUK_PC_0095_M1_DNA	COSS2340340	COSO32054826	COST190503	interchromosomal insertion	chr6:g.152059407_152080598ins		COSU538	411214	6	6	152059407	152059407	152080598	152080598	-	-
A17A-0095_CRUK_PC_0095_M1_DNA	COSS2340340	COSO32054826	COST190506	interchromosomal insertion	chr2:g.165136451_166224705ins		COSU538	411217	2	2	165136451	165136451	166224705	166224705	-	-
A17A-0095_CRUK_PC_0095_M1_DNA	COSS2340340	COSO32054826	COST190507	Interchromosomal unknown type	chr16:g.58792357_chr19:23351530bkpt		COSU538	411218	16	19	58792357	58792357	23351530	23351530	-	+
A17A-0095_CRUK_PC_0095_M1_DNA	COSS2340340	COSO32054826	COST190509	interchromosomal insertion	chr2:g.71357010_71367239ins		COSU538	411334	2	2	71357010	71357010	71367239	71367239	-	-
A17A-0095_CRUK_PC_0095_M1_DNA	COSS2340340	COSO32054826	COST190512	Interchromosomal unknown type	chr2:g.131930122_chr21:13261989bkpt		COSU538	411337	2	21	131930122	131930122	13261989	13261989	+	-
A17A-0095_CRUK_PC_0095_M1_DNA	COSS2340340	COSO32054826	COST190513	interchromosomal insertion	chr7:g.102473162_102474018ins		COSU538	411338	7	7	102473162	102473162	102474018	102474018	-	-
A17A-0095_CRUK_PC_0095_M1_DNA	COSS2340340	COSO32054826	COST190514	Interchromosomal unknown type	chr16:g.1779587_chr19:34649094bkpt		COSU538	411339	16	19	1779587	1779587	34649094	34649094	+	+
A17A-0095_CRUK_PC_0095_M1_DNA	COSS2340340	COSO32054826	COST190515	interchromosomal insertion	chr16:g.14601933_14618110ins		COSU538	411340	16	16	14601933	14601933	14618110	14618110	-	-
A17A-0095_CRUK_PC_0095_M1_DNA	COSS2340340	COSO32054826	COST190516	interchromosomal insertion	chr16:g.73549251_73559857ins		COSU538	411341	16	16	73549251	73549251	73559857	73559857	-	-
A17A-0095_CRUK_PC_0095_M1_DNA	COSS2340340	COSO32054826	COST190519	interchromosomal insertion	chr18:g.21984570_21989582ins		COSU538	411344	18	18	21984570	21984570	21989582	21989582	-	-
A17A-0095_CRUK_PC_0095_M1_DNA	COSS2340340	COSO32054826	COST190520	interchromosomal insertion	chr3:g.76454017_76456675ins		COSU538	411345	3	3	76454017	76454017	76456675	76456675	-	-
A17A-0095_CRUK_PC_0095_M1_DNA	COSS2340340	COSO32054826	COST190521	interchromosomal insertion	chr3:g.115137402_115159540ins		COSU538	411346	3	3	115137402	115137402	115159540	115159540	-	-
A17A-0095_CRUK_PC_0095_M1_DNA	COSS2340340	COSO32054826	COST190522	interchromosomal insertion	chr7:g.139079022_139097770ins		COSU538	411347	7	7	139079022	139079022	139097770	139097770	-	-
A17A-0095_CRUK_PC_0095_M1_DNA	COSS2340340	COSO32054826	COST190523	Interchromosomal unknown type	chr8:g.37699778_chr9:88444034bkpt		COSU538	411348	8	9	37699778	37699778	88444034	88444034	-	+
A17A-0095_CRUK_PC_0095_M1_DNA	COSS2340340	COSO32054826	COST190524	interchromosomal insertion	chr3:g.38487641_38495870ins		COSU538	411349	3	3	38487641	38487641	38495870	38495870	-	-
A17A-0095_CRUK_PC_0095_M1_DNA	COSS2340340	COSO32054826	COST190525	interchromosomal insertion	chr17:g.30883173_30894570ins		COSU538	411350	17	17	30883173	30883173	30894570	30894570	-	-
A17A-0095_CRUK_PC_0095_M1_DNA	COSS2340340	COSO32054826	COST190526	intrachromosomal deletion	chr8:g.137973680_137975806del		COSU538	411351	8	8	137973680	137973680	137975806	137975806	+	+
A17A-0095_CRUK_PC_0095_M1_DNA	COSS2340340	COSO32054826	COST190527	interchromosomal insertion	chr3:g.140849437_140855099ins		COSU538	411352	3	3	140849437	140849437	140855099	140855099	-	-
A17A-0095_CRUK_PC_0095_M1_DNA	COSS2340340	COSO32054826	COST190528	interchromosomal insertion	chr3:g.159083759_159105359ins		COSU538	411353	3	3	159083759	159083759	159105359	159105359	-	-
A17A-0095_CRUK_PC_0095_M1_DNA	COSS2340340	COSO32054826	COST190531	interchromosomal insertion	chr18:g.66820773_66824641ins		COSU538	411356	18	18	66820773	66820773	66824641	66824641	-	-
A17A-0095_CRUK_PC_0095_M1_DNA	COSS2340340	COSO32054826	COST190537	interchromosomal insertion	chr3:g.114442988_114452528ins		COSU538	411362	3	3	114442988	114442988	114452528	114452528	-	-
A17A-0095_CRUK_PC_0095_M1_DNA	COSS2340340	COSO32054826	COST190538	intrachromosomal deletion	chr9:g.101864741_101865301del		COSU538	411363	9	9	101864741	101864741	101865301	101865301	+	+
A17A-0095_CRUK_PC_0095_M1_DNA	COSS2340340	COSO32054826	COST190539	interchromosomal insertion	chr20:g.52182796_52205913ins		COSU538	411364	20	20	52182796	52182796	52205913	52205913	-	-
A17A-0095_CRUK_PC_0095_M1_DNA	COSS2340340	COSO32054826	COST190540	interchromosomal insertion	chr3:g.149063787_149066064ins		COSU538	411365	3	3	149063787	149063787	149066064	149066064	-	-
A17A-0095_CRUK_PC_0095_M1_DNA	COSS2340340	COSO32054826	COST190541	interchromosomal insertion	chr3:g.188719150_188729844ins		COSU538	411366	3	3	188719150	188719150	188729844	188729844	-	-
A17A-0095_CRUK_PC_0095_M1_DNA	COSS2340340	COSO32054826	COST190542	interchromosomal insertion	chr18:g.36771510_36775773ins		COSU538	411367	18	18	36771510	36771510	36775773	36775773	-	-
A17C-0095_CRUK_PC_0095_M2_DNA	COSS2340229	COSO32054826	COST189749	Interchromosomal unknown type	chr8:g.9539975_chr10:3660064bkpt		COSU538	410841	8	10	9539975	9539975	3660064	3660064	+	+
A17C-0095_CRUK_PC_0095_M2_DNA	COSS2340229	COSO32054826	COST189750	interchromosomal insertion	chr16:g.46822017_46828572ins		COSU538	410842	16	16	46822017	46822017	46828572	46828572	-	-
A17C-0095_CRUK_PC_0095_M2_DNA	COSS2340229	COSO32054826	COST189751	interchromosomal insertion	chr2:g.206012356_206507880ins		COSU538	410843	2	2	206012356	206012356	206507880	206507880	-	-
A17C-0095_CRUK_PC_0095_M2_DNA	COSS2340229	COSO32054826	COST189752	interchromosomal insertion	chr8:g.65584007_65606813ins		COSU538	410844	8	8	65584007	65584007	65606813	65606813	-	-
A17C-0095_CRUK_PC_0095_M2_DNA	COSS2340229	COSO32054826	COST189753	interchromosomal insertion	chr17:g.49797853_49803130ins		COSU538	410845	17	17	49797853	49797853	49803130	49803130	-	-
A17C-0095_CRUK_PC_0095_M2_DNA	COSS2340229	COSO32054826	COST189755	intrachromosomal inversion	chr18:g.27412580_44274928inv		COSU538	410847	18	18	27412580	27412580	44274928	44274928	-	+
A17C-0095_CRUK_PC_0095_M2_DNA	COSS2340229	COSO32054826	COST189756	interchromosomal insertion	chr18:g.50244892_50301304ins		COSU538	410848	18	18	50244892	50244892	50301304	50301304	-	-
A17C-0095_CRUK_PC_0095_M2_DNA	COSS2340229	COSO32054826	COST189757	Interchromosomal unknown type	chr3:g.131528905_chr14:56663240bkpt		COSU538	410849	3	14	131528905	131528905	56663240	56663240	+	+
A17C-0095_CRUK_PC_0095_M2_DNA	COSS2340229	COSO32054826	COST189758	interchromosomal insertion	chr3:g.167370864_167376790ins		COSU538	410850	3	3	167370864	167370864	167376790	167376790	-	-
A17C-0095_CRUK_PC_0095_M2_DNA	COSS2340229	COSO32054826	COST189759	Interchromosomal unknown type	chr3:g.182244807_chr4:166985101bkpt		COSU538	410851	3	4	182244807	182244807	166985101	166985101	-	-
A17C-0095_CRUK_PC_0095_M2_DNA	COSS2340229	COSO32054826	COST189764	interchromosomal insertion	chr3:g.23447510_23459253ins		COSU538	410856	3	3	23447510	23447510	23459253	23459253	-	-
A17C-0095_CRUK_PC_0095_M2_DNA	COSS2340229	COSO32054826	COST189765	Interchromosomal unknown type	chr8:g.105427374_chr18:25512228bkpt		COSU538	410857	8	18	105427374	105427374	25512228	25512228	+	+
A17C-0095_CRUK_PC_0095_M2_DNA	COSS2340229	COSO32054826	COST189766	interchromosomal insertion	chr8:g.109526800_109549880ins		COSU538	410858	8	8	109526800	109526800	109549880	109549880	-	-
A17C-0095_CRUK_PC_0095_M2_DNA	COSS2340229	COSO32054826	COST189767	intrachromosomal deletion	chr18:g.74394920_74395629del		COSU538	410859	18	18	74394920	74394920	74395629	74395629	+	+
A17C-0095_CRUK_PC_0095_M2_DNA	COSS2340229	COSO32054826	COST189769	Interchromosomal unknown type	chr3:g.131528750_chr14:56776531bkpt		COSU538	410861	3	14	131528750	131528750	56776531	56776531	-	-
A17C-0095_CRUK_PC_0095_M2_DNA	COSS2340229	COSO32054826	COST189773	interchromosomal insertion	chr19:g.43664827_54673842ins		COSU538	410865	19	19	43664827	43664827	54673842	54673842	-	-
A17C-0095_CRUK_PC_0095_M2_DNA	COSS2340229	COSO32054826	COST189774	intrachromosomal deletion	chr20:g.14819974_14820545del		COSU538	410866	20	20	14819974	14819974	14820545	14820545	+	+
