GENE_SYMBOL	COSMIC_GENE_ID	TRANSCRIPT_ACCESSION	COSMIC_SAMPLE_ID	SAMPLE_NAME	COSMIC_PHENOTYPE_ID	GENOMIC_MUTATION_ID	LEGACY_MUTATION_ID	MUTATION_ID	MUTATION_CDS	MUTATION_AA	MUTATION_DESCRIPTION	MUTATION_ZYGOSITY	LOH	CHROMOSOME	GENOME_START	GENOME_STOP	STRAND	PUBMED_PMID	COSMIC_STUDY_ID	HGVSP	HGVSC	HGVSG	GENOMIC_WT_ALLELE	GENOMIC_MUT_ALLELE	MUTATION_SOMATIC_STATUS
MAP3K13	COSG59626	ENST00000265026.7	COSS2658321	T3094	COSO28864826	COSV53996511	COSM4700303	105371769	c.1076C>T	p.S359L	missense_variant		u	3	185449965	185449965	+	27149842		ENSP00000265026.3:p.Ser359Leu	ENST00000265026.7:c.1076C>T	3:g.185449965C>T	C	T	Confirmed somatic variant
MAP3K13	COSG59626	ENST00000265026.7	COSS2387720	ML_86_T_01	COSO32664862	COSV53987889	COSN17907686	105380697	c.-86+1600C>G	p.?	intron_variant		u	3	185364968	185364968	+		COSU656		ENST00000265026.7:c.-86+1600C>G	3:g.185364968C>G	C	G	Confirmed somatic variant
MAP3K13	COSG59626	ENST00000265026.7	COSS2633630	KPOPBR-083-T	COSO28394862	COSV53989226	COSM4157481	105368698	c.333C>T	p.S111=	synonymous_variant		u	3	185428914	185428914	+		COSU669	ENSP00000265026.3:p.Ser111=	ENST00000265026.7:c.333C>T	3:g.185428914C>T	C	T	Confirmed somatic variant
MAP3K13	COSG59626	ENST00000265026.7	COSS2634581	tumor_4193646	COSO27985099	COSV53989279	COSN25194297	105380705	c.-85-8899T>A	p.?	intron_variant		u	3	185419598	185419598	+		COSU440		ENST00000265026.7:c.-85-8899T>A	3:g.185419598T>A	T	A	Confirmed somatic variant
MAP3K13	COSG59626	ENST00000265026.7	COSS2747436	GCTK_351_T	COSO36004862	COSV99406279	COSN30732506	105380716	c.*75A>T	p.?	3_prime_UTR_variant		u	3	185482531	185482531	+		COSU683		ENST00000265026.7:c.*75A>T	3:g.185482531A>T	A	T	Confirmed somatic variant
MAP3K13	COSG59626	ENST00000265026.7	COSS2747576	GCYC_157_T	COSO36004862	COSV99406280	COSM8512133	105380717	c.1494G>T	p.K498N	missense_variant		u	3	185465852	185465852	+		COSU683	ENSP00000265026.3:p.Lys498Asn	ENST00000265026.7:c.1494G>T	3:g.185465852G>T	G	T	Confirmed somatic variant
MAP3K13	COSG59626	ENST00000265026.7	COSS2549309	DN1307F	COSO283912932	COSV53986225	COSN24149976	105380777	c.-85-30150A>T	p.?	intron_variant		u	3	185398347	185398347	+		COSU668		ENST00000265026.7:c.-85-30150A>T	3:g.185398347A>T	A	T	Confirmed somatic variant
MAP3K13	COSG59626	ENST00000265026.7	COSS2633956	YYY-274T	COSO36004862	COSV53989781	COSN24593796	105380779	c.-85-22944C>T	p.?	intron_variant		u	3	185405553	185405553	+		COSU371		ENST00000265026.7:c.-85-22944C>T	3:g.185405553C>T	C	T	Confirmed somatic variant
MAP3K13	COSG59626	ENST00000265026.7	COSS2634349	CHG-15-15975T	COSO29824888	COSV53992695	COSN26664436	105380781	c.1506-66G>T	p.?	intron_variant		u	3	185466760	185466760	+		COSU660		ENST00000265026.7:c.1506-66G>T	3:g.185466760G>T	G	T	Confirmed somatic variant
MAP3K13	COSG59626	ENST00000265026.7	COSS2634657	tumor_4139212	COSO27985099	COSV53992706	COSN25226399	105380792	c.-85-23625G>A	p.?	intron_variant		u	3	185404872	185404872	+		COSU440		ENST00000265026.7:c.-85-23625G>A	3:g.185404872G>A	G	A	Confirmed somatic variant
MAP3K13	COSG59626	ENST00000265026.7	COSS2746099	4-2	COSO28864826	COSV53992773	COSN28839607	105380793	c.1170-190dup	p.?	intron_variant		u	3	185451097	185451098	+		COSU646		ENST00000265026.7:c.1170-190dup	3:g.185451097dup		A	Confirmed somatic variant
MAP3K13	COSG59626	ENST00000265026.7	COSS2746265	CPCG0004-F1	COSO32054826	COSV53982580	COSN28138697	105371403	c.-86+14638del	p.?	intron_variant		u	3	185378006	185378006	+		COSU537		ENST00000265026.7:c.-86+14638del	3:g.185378006del	T		Confirmed somatic variant
MAP3K13	COSG59626	ENST00000265026.7	COSS2907845	GBNEC_14	COSO29245333	COSV99034802	COSM7344261	105372734	c.172G>A	p.E58K	missense_variant		u	3	185428753	185428753	+	33563892		ENSP00000265026.3:p.Glu58Lys	ENST00000265026.7:c.172G>A	3:g.185428753G>A	G	A	Variant of unknown origin
MAP3K13	COSG59626	ENST00000265026.7	COSS2948959	2948959	COSO32666091	COSV107302212	COSM10418636	105380797	c.1253C>T	p.P418L	missense_variant		u	3	185451370	185451370	+	26359337		ENSP00000265026.3:p.Pro418Leu	ENST00000265026.7:c.1253C>T	3:g.185451370C>T	C	T	Confirmed somatic variant
MAP3K13	COSG59626	ENST00000265026.7	COSS2634810	TNKTL16	COSO27985510	COSV53983856	COSN27697606	105380802	c.659+2695C>T	p.?	intron_variant		u	3	185440325	185440325	+		COSU673		ENST00000265026.7:c.659+2695C>T	3:g.185440325C>T	C	T	Confirmed somatic variant
MAP3K13	COSG59626	ENST00000265026.7	COSS2688305	CPCG0022-F1	COSO32054826	COSV53985424	COSN29612019	105375338	c.-86+21799del	p.?	intron_variant		u	3	185385167	185385167	+		COSU537		ENST00000265026.7:c.-86+21799del	3:g.185385167del	T		Confirmed somatic variant
MAP3K13	COSG59626	ENST00000265026.7	COSS2699440	59	COSO27964881	COSV53985792	COSM4321422	105380804	c.2042G>C	p.S681T	missense_variant	het	u	3	185473373	185473373	+	29420467		ENSP00000265026.3:p.Ser681Thr	ENST00000265026.7:c.2042G>C	3:g.185473373G>C	G	C	Confirmed somatic variant
MAP3K13	COSG59626	ENST00000265026.7	COSS2193641	TCGA-P3-A5QF-01	COSO29324830	COSV99407882	COSM8281664	105380806	c.1408G>C	p.E470Q	missense_variant		u	3	185465766	185465766	+		COSU627	ENSP00000265026.3:p.Glu470Gln	ENST00000265026.7:c.1408G>C	3:g.185465766G>C	G	C	Confirmed somatic variant
MAP3K13	COSG59626	ENST00000265026.7	COSS2193641	TCGA-P3-A5QF-01	COSO29324830	COSV99407886	COSM8281589	105369543	c.1550G>A	p.R517Q	missense_variant		u	3	185466870	185466870	+		COSU627	ENSP00000265026.3:p.Arg517Gln	ENST00000265026.7:c.1550G>A	3:g.185466870G>A	G	A	Confirmed somatic variant
MAP3K13	COSG59626	ENST00000265026.7	COSS2196278	AOCS-093-1-9	COSO30135473	COSV53998542	COSN15363977	105376125	c.1278+3559A>T	p.?	intron_variant		u	3	185454954	185454954	+		COSU585		ENST00000265026.7:c.1278+3559A>T	3:g.185454954A>T	A	T	Confirmed somatic variant
MAP3K13	COSG59626	ENST00000265026.7	COSS1765245	LUAD-RT-S01702	COSO29914826	COSV53988226	COSM379327	105380809	c.591G>A	p.V197=	synonymous_variant		u	3	185437562	185437562	+	22980975		ENSP00000265026.3:p.Val197=	ENST00000265026.7:c.591G>A	3:g.185437562G>A	G	A	Variant of unknown origin
MAP3K13	COSG59626	ENST00000265026.7	COSS1765245	LUAD-RT-S01702	COSO29914826	COSV53988245	COSM5216009	105371545	c.2675C>T	p.T892M	missense_variant		u	3	185480405	185480405	+	22980975		ENSP00000265026.3:p.Thr892Met	ENST00000265026.7:c.2675C>T	3:g.185480405C>T	C	T	Reported in another cancer sample as somatic
MAP3K13	COSG59626	ENST00000265026.7	COSS2120951	RK048_C	COSO29824862	COSV53991031	COSN1936292	105373401	c.-85-21149T>G	p.?	intron_variant		u	3	185407348	185407348	+		COSU322		ENST00000265026.7:c.-85-21149T>G	3:g.185407348T>G	T	G	Confirmed somatic variant
MAP3K13	COSG59626	ENST00000265026.7	COSS2121124	8036161	COSO29005278	COSV53983915	COSN7840281	105380820	c.-85-13269C>A	p.?	intron_variant		u	3	185415228	185415228	+		COSU328		ENST00000265026.7:c.-85-13269C>A	3:g.185415228C>A	C	A	Confirmed somatic variant
MAP3K13	COSG59626	ENST00000265026.7	COSS2121124	8036161	COSO29005278	COSV53983922	COSN7840284	105380822	c.-85-11871G>A	p.?	intron_variant		u	3	185416626	185416626	+		COSU328		ENST00000265026.7:c.-85-11871G>A	3:g.185416626G>A	G	A	Confirmed somatic variant
MAP3K13	COSG59626	ENST00000265026.7	COSS2121124	8036161	COSO29005278	COSV53983928	COSN7840300	105380825	c.1643+1273C>A	p.?	intron_variant		u	3	185468236	185468236	+		COSU328		ENST00000265026.7:c.1643+1273C>A	3:g.185468236C>A	C	A	Confirmed somatic variant
MAP3K13	COSG59626	ENST00000265026.7	COSS2963422	PD7519	COSO28105212	COSV108077291	COSN33322306	105380827	c.851+509A>G	p.?	intron_variant		u	3	185444145	185444145	+	29858576			ENST00000265026.7:c.851+509A>G	3:g.185444145A>G	A	G	Confirmed somatic variant
MAP3K13	COSG59626	ENST00000265026.7	COSS3006725	HMF000418A	COSO33826078	COSV109602757	COSM11072758	105380829	c.2155G>A	p.G719S	missense_variant		u	3	185473486	185473486	+	31645765		ENSP00000265026.3:p.Gly719Ser	ENST00000265026.7:c.2155G>A	3:g.185473486G>A	G	A	Confirmed somatic variant
MAP3K13	COSG59626	ENST00000265026.7	COSS3006987	HMF000827A	COSO108525226	COSV109602758	COSM11074468	105380834	c.1646C>T	p.P549L	missense_variant,splice_region_variant		u	3	185472977	185472977	+	31645765		ENSP00000265026.3:p.Pro549Leu	ENST00000265026.7:c.1646C>T	3:g.185472977C>T	C	T	Confirmed somatic variant
MAP3K13	COSG59626	ENST00000265026.7	COSS3006641	HMF000288A	COSO29645555	COSV109602750	COSM11072212	105380838	c.2252T>C	p.V751A	missense_variant		u	3	185473583	185473583	+	31645765		ENSP00000265026.3:p.Val751Ala	ENST00000265026.7:c.2252T>C	3:g.185473583T>C	T	C	Confirmed somatic variant
MAP3K13	COSG59626	ENST00000265026.7	COSS2726387	P-0010706-T01-IM5	COSO283910667	COSV54000780	COSM6976081	105372760	c.1364T>C	p.I455T	missense_variant	het	u	3	185463635	185463635	+	28481359		ENSP00000265026.3:p.Ile455Thr	ENST00000265026.7:c.1364T>C	3:g.185463635T>C	T	C	Confirmed somatic variant
MAP3K13	COSG59626	ENST00000265026.7	COSS2745915	T_CCA_TH_20	COSO27814862	COSV53983054	COSN28966055	105380854	c.-320del	p.?	5_prime_UTR_variant		u	3	185363134	185363134	+		COSU653		ENST00000265026.7:c.-320del	3:g.185363134del	T		Confirmed somatic variant
MAP3K13	COSG59626	ENST00000265026.7	COSS2748071	99	COSO36004862	COSV99407650	COSN30655062	105380858	c.2431-146T>C	p.?	intron_variant		u	3	185477180	185477180	+		COSU683		ENST00000265026.7:c.2431-146T>C	3:g.185477180T>C	T	C	Confirmed somatic variant
MAP3K13	COSG59626	ENST00000265026.7	COSS2385383	tumor_4177406	COSO27985099	COSV53998839	COSN25507182	105380861	c.-86+14538G>A	p.?	intron_variant		u	3	185377906	185377906	+		COSU440		ENST00000265026.7:c.-86+14538G>A	3:g.185377906G>A	G	A	Confirmed somatic variant
MAP3K13	COSG59626	ENST00000265026.7	COSS3007640	HMF001915A	COSO31375226	COSV53983096	COSM3590899	105371909	c.1837G>A	p.E613K	missense_variant		u	3	185473168	185473168	+	31645765		ENSP00000265026.3:p.Glu613Lys	ENST00000265026.7:c.1837G>A	3:g.185473168G>A	G	A	Confirmed somatic variant
MAP3K13	COSG59626	ENST00000265026.7	COSS3007925	HMF002409A	COSO28864826	COSV109602745	COSM11079462	105380873	c.742G>A	p.G248S	missense_variant		u	3	185443527	185443527	+	31645765		ENSP00000265026.3:p.Gly248Ser	ENST00000265026.7:c.742G>A	3:g.185443527G>A	G	A	Confirmed somatic variant
MAP3K13	COSG59626	ENST00000265026.7	COSS3008455	HMF003291A	COSO283911696	COSV109602746	COSM11082163	105380878	c.2764C>G	p.L922V	missense_variant		u	3	185480494	185480494	+	31645765		ENSP00000265026.3:p.Leu922Val	ENST00000265026.7:c.2764C>G	3:g.185480494C>G	C	G	Confirmed somatic variant
MAP3K13	COSG59626	ENST00000265026.7	COSS2439333	YUKSI	COSO32666078	COSV53994915	COSM5398797	105380880	c.1692C>T	p.P564=	synonymous_variant	het	u	3	185473023	185473023	+	26214590		ENSP00000265026.3:p.Pro564=	ENST00000265026.7:c.1692C>T	3:g.185473023C>T	C	T	Confirmed somatic variant
MAP3K13	COSG59626	ENST00000265026.7	COSS2456736	sysucc-311T	COSO28864826	COSV53984208	COSM730155	105377285	c.563G>A	p.R188Q	missense_variant		u	3	185437534	185437534	+		COSU646	ENSP00000265026.3:p.Arg188Gln	ENST00000265026.7:c.563G>A	3:g.185437534G>A	G	A	Confirmed somatic variant
MAP3K13	COSG59626	ENST00000265026.7	COSS2456736	sysucc-311T	COSO28864826	COSV53999774	COSN19706083	105380895	c.1279-33G>A	p.?	intron_variant		u	3	185463517	185463517	+		COSU646		ENST00000265026.7:c.1279-33G>A	3:g.185463517G>A	G	A	Confirmed somatic variant
MAP3K13	COSG59626	ENST00000265026.7	COSS1782798	TCGA-66-2780-01	COSO29914830	COSV53998139	COSM730157	105379835	c.312G>T	p.T104=	synonymous_variant		u	3	185428893	185428893	+		COSU418	ENSP00000265026.3:p.Thr104=	ENST00000265026.7:c.312G>T	3:g.185428893G>T	G	T	Confirmed somatic variant
MAP3K13	COSG59626	ENST00000265026.7	COSS1900039	TCGA-D8-A13Z-01	COSO28394862	COSV53991301	COSM5222492	105380958	c.2338G>T	p.E780*	stop_gained		u	3	185473669	185473669	+		COSU414	ENSP00000265026.3:p.Glu780Ter	ENST00000265026.7:c.2338G>T	3:g.185473669G>T	G	T	Confirmed somatic variant
MAP3K13	COSG59626	ENST00000265026.7	COSS2194707	RK176_C01	COSO29824862	COSV53995753	COSN6757765	105380965	c.-85-11970A>G	p.?	intron_variant		u	3	185416527	185416527	+		COSU322		ENST00000265026.7:c.-85-11970A>G	3:g.185416527A>G	A	G	Confirmed somatic variant
MAP3K13	COSG59626	ENST00000265026.7	COSS2263257	LP6005334-DNA_E01	COSO31394826	COSV53996358	COSN15191871	105380970	c.-86+2583C>T	p.?	intron_variant		u	3	185365951	185365951	+		COSU535		ENST00000265026.7:c.-86+2583C>T	3:g.185365951C>T	C	T	Confirmed somatic variant
MAP3K13	COSG59626	ENST00000265026.7	COSS2263257	LP6005334-DNA_E01	COSO31394826	COSV53996371	COSN15211663	105380990	c.1643+947A>G	p.?	intron_variant		u	3	185467910	185467910	+		COSU535		ENST00000265026.7:c.1643+947A>G	3:g.185467910A>G	A	G	Confirmed somatic variant
MAP3K13	COSG59626	ENST00000265026.7	COSS2296129	T276	COSO28614826	COSV53985621	COSM4700308	105380992	c.2082G>A	p.S694=	synonymous_variant		u	3	185473413	185473413	+	25344691		ENSP00000265026.3:p.Ser694=	ENST00000265026.7:c.2082G>A	3:g.185473413G>A	G	A	Confirmed somatic variant
MAP3K13	COSG59626	ENST00000265026.7	COSS2714765	P-0000184-T01-IM3	COSO105884830	COSV53984921	COSM5444291	105371398	c.2266G>A	p.D756N	missense_variant	het	u	3	185473597	185473597	+	28481359		ENSP00000265026.3:p.Asp756Asn	ENST00000265026.7:c.2266G>A	3:g.185473597G>A	G	A	Confirmed somatic variant
MAP3K13	COSG59626	ENST00000265026.7	COSS2967887	REBC-ACB3-TTP1	COSO36286294	COSV108791642	COSN33575215	105381015	c.-86+31251A>T	p.?	intron_variant		u	3	185394619	185394619	+	33888599			ENST00000265026.7:c.-86+31251A>T	3:g.185394619A>T	A	T	Confirmed somatic variant
MAP3K13	COSG59626	ENST00000265026.7	COSS2954548	PD36659a	COSO33166091	COSV107302359	COSN32894145	105381027	c.*4990G>A	p.?	3_prime_UTR_variant		u	3	185487446	185487446	+	36219477			ENST00000265026.7:c.*4990G>A	3:g.185487446G>A	G	A	Variant of unknown origin
MAP3K13	COSG59626	ENST00000265026.7	COSS3000966	E7	COSO313910373	COSV109602760	COSM10972622	105381031	c.1258G>A	p.E420K	missense_variant		u	3	185451375	185451375	+	36264285		ENSP00000265026.3:p.Glu420Lys	ENST00000265026.7:c.1258G>A	3:g.185451375G>A	G	A	Confirmed somatic variant
MAP3K13	COSG59626	ENST00000265026.7	COSS2783741	GP09	COSO32054862	COSV99408228	COSN30082994	105381070	c.-86+6582G>A	p.?	intron_variant		u	3	185369950	185369950	+	26844274			ENST00000265026.7:c.-86+6582G>A	3:g.185369950G>A	G	A	Confirmed somatic variant
MAP3K13	COSG59626	ENST00000265026.7	COSS2688190	LP6008280-DNA_G02	COSO31394826	COSV53994972	COSN27016012	105381108	c.-86+21175T>C	p.?	intron_variant		u	3	185384543	185384543	+		COSU535		ENST00000265026.7:c.-86+21175T>C	3:g.185384543T>C	T	C	Confirmed somatic variant
MAP3K13	COSG59626	ENST00000265026.7	COSS2719615	P-0003120-T01-IM5	COSO28246463	COSV53987942	COSM6926320	105381124	c.320G>A	p.G107E	missense_variant	het	u	3	185428901	185428901	+	28481359		ENSP00000265026.3:p.Gly107Glu	ENST00000265026.7:c.320G>A	3:g.185428901G>A	G	A	Confirmed somatic variant
MAP3K13	COSG59626	ENST00000265026.7	COSS2724654	P-0008557-T02-IM5	COSO32666078	COSV53987982	COSM6953779	105381127	c.158G>A	p.R53Q	missense_variant	het	u	3	185428739	185428739	+	28481359		ENSP00000265026.3:p.Arg53Gln	ENST00000265026.7:c.158G>A	3:g.185428739G>A	G	A	Confirmed somatic variant
MAP3K13	COSG59626	ENST00000265026.7	COSS2746103	9-2	COSO28864826	COSV53995066	COSM7261821	105381145	c.1045G>A	p.G349R	missense_variant		u	3	185449934	185449934	+		COSU646	ENSP00000265026.3:p.Gly349Arg	ENST00000265026.7:c.1045G>A	3:g.185449934G>A	G	A	Confirmed somatic variant
MAP3K13	COSG59626	ENST00000265026.7	COSS2997278	GC9_primary	COSO36004826	COSV109602751	COSM10961795	105381153	c.1794C>T	p.S598=	synonymous_variant		u	3	185473125	185473125	+	30132154		ENSP00000265026.3:p.Ser598=	ENST00000265026.7:c.1794C>T	3:g.185473125C>T	C	T	Confirmed somatic variant
MAP3K13	COSG59626	ENST00000265026.7	COSS3008284	HMF002993A	COSO28045202	COSV109602752	COSM11081381	105381157	c.1240G>A	p.V414I	missense_variant		u	3	185451357	185451357	+	31645765		ENSP00000265026.3:p.Val414Ile	ENST00000265026.7:c.1240G>A	3:g.185451357G>A	G	A	Confirmed somatic variant
MAP3K13	COSG59626	ENST00000265026.7	COSS2967915	REBC-ACC4-TTP1	COSO36286294	COSV108791776	COSN33575220	105381160	c.1010+653C>G	p.?	intron_variant		u	3	185448600	185448600	+	33888599			ENST00000265026.7:c.1010+653C>G	3:g.185448600C>G	C	G	Confirmed somatic variant
MAP3K13	COSG59626	ENST00000265026.7	COSS2961455	MM-0452-T	COSO27985184	COSV108077307	COSN33309765	105381164	c.-85-15022G>A	p.?	intron_variant	het	u	3	185413475	185413475	+	24434212			ENST00000265026.7:c.-85-15022G>A	3:g.185413475G>A	G	A	Confirmed somatic variant
MAP3K13	COSG59626	ENST00000265026.7	COSS1673900	ME043T	COSO55636078	COSV53990487	COSM228377	105381168	c.181C>G	p.H61D	missense_variant		u	3	185428762	185428762	+	22622578		ENSP00000265026.3:p.His61Asp	ENST00000265026.7:c.181C>G	3:g.185428762C>G	C	G	Variant of unknown origin
MAP3K13	COSG59626	ENST00000265026.7	COSS2716258	P-0000919-T01-IM3	COSO32664830	COSV53982781	COSM6913475	105381170	c.1543T>A	p.Y515N	missense_variant	het	u	3	185466863	185466863	+	28481359		ENSP00000265026.3:p.Tyr515Asn	ENST00000265026.7:c.1543T>A	3:g.185466863T>A	T	A	Confirmed somatic variant
MAP3K13	COSG59626	ENST00000265026.7	COSS2716258	P-0000919-T01-IM3	COSO32664830	COSV53982798	COSM6913479	105381175	c.1712G>A	p.G571E	missense_variant	het	u	3	185473043	185473043	+	28481359		ENSP00000265026.3:p.Gly571Glu	ENST00000265026.7:c.1712G>A	3:g.185473043G>A	G	A	Confirmed somatic variant
MAP3K13	COSG59626	ENST00000265026.7	COSS2716258	P-0000919-T01-IM3	COSO32664830	COSV53982815	COSM6913519	105381194	c.2571_2579del	p.D857_E859del	inframe_deletion	het	u	3	185480301	185480309	+	28481359		ENSP00000265026.3:p.Asp857_Glu859del	ENST00000265026.7:c.2571_2579del	3:g.185480301_185480309del	TGGAGAAGA		Confirmed somatic variant
MAP3K13	COSG59626	ENST00000265026.7	COSS2726843	P-0011226-T01-IM5	COSO28544826	COSV53996565	COSM6979555	105381200	c.1565C>T	p.P522L	missense_variant	het	u	3	185466885	185466885	+	28481359		ENSP00000265026.3:p.Pro522Leu	ENST00000265026.7:c.1565C>T	3:g.185466885C>T	C	T	Confirmed somatic variant
MAP3K13	COSG59626	ENST00000265026.7	COSS2747523	GCTK_15838_T	COSO36004862	COSV99407221	COSN30687165	105381203	c.2431-440del	p.?	intron_variant		u	3	185476886	185476886	+		COSU683		ENST00000265026.7:c.2431-440del	3:g.185476886del	A		Confirmed somatic variant
MAP3K13	COSG59626	ENST00000265026.7	COSS2810712	NCCS-010	COSO283919543	COSV99406779	COSM9179935	105383291	c.2102C>T	p.T701I	missense_variant	het	u	3	185473433	185473433	+	30062102		ENSP00000265026.3:p.Thr701Ile	ENST00000265026.7:c.2102C>T	3:g.185473433C>T	C	T	Variant of unknown origin
MAP3K13	COSG59626	ENST00000265026.7	COSS2954415	PD36350a	COSO33806050	COSV107302474	COSN32894150	105383294	c.*5735T>A	p.?	3_prime_UTR_variant		u	3	185488191	185488191	+	36219477			ENST00000265026.7:c.*5735T>A	3:g.185488191T>A	T	A	Variant of unknown origin
MAP3K13	COSG59626	ENST00000265026.7	COSS2961800	PS271_rec	COSO28246463	COSV99406136	COSM9183977	105368808	c.538G>A	p.G180R	missense_variant		u	3	185437509	185437509	+	37792958		ENSP00000265026.3:p.Gly180Arg	ENST00000265026.7:c.538G>A	3:g.185437509G>A	G	A	Confirmed somatic variant
MAP3K13	COSG59626	ENST00000265026.7	COSS2717057	P-0001316-T01-IM3	COSO28664826	COSV54000495	COSM6916365	105383324	c.1819A>C	p.K607Q	missense_variant	het	u	3	185473150	185473150	+	28481359		ENSP00000265026.3:p.Lys607Gln	ENST00000265026.7:c.1819A>C	3:g.185473150A>C	A	C	Confirmed somatic variant
MAP3K13	COSG59626	ENST00000265026.7	COSS2997280	GC10_primary	COSO36004826	COSV109602779	COSM10963853	105383329	c.727G>A	p.E243K	missense_variant		u	3	185443512	185443512	+	30132154		ENSP00000265026.3:p.Glu243Lys	ENST00000265026.7:c.727G>A	3:g.185443512G>A	G	A	Confirmed somatic variant
MAP3K13	COSG59626	ENST00000265026.7	COSS3006699	HMF000372A	COSO28394862	COSV109602782	COSM11072529	105383342	c.2647G>C	p.E883Q	missense_variant		u	3	185480377	185480377	+	31645765		ENSP00000265026.3:p.Glu883Gln	ENST00000265026.7:c.2647G>C	3:g.185480377G>C	G	C	Confirmed somatic variant
MAP3K13	COSG59626	ENST00000265026.7	COSS2954538	PD36627a	COSO58566091	COSV107302230	COSM10521334	105383355	c.2015A>G	p.Y672C	missense_variant	hom	u	3	185473346	185473346	+	36219477		ENSP00000265026.3:p.Tyr672Cys	ENST00000265026.7:c.2015A>G	3:g.185473346A>G	A	G	Variant of unknown origin
MAP3K13	COSG59626	ENST00000265026.7	COSS1819100	tumor_4163639	COSO27984818	COSV53982923	COSN8364876	105383368	c.-85-14812G>A	p.?	intron_variant		u	3	185413685	185413685	+		COSU440		ENST00000265026.7:c.-85-14812G>A	3:g.185413685G>A	G	A	Confirmed somatic variant
MAP3K13	COSG59626	ENST00000265026.7	COSS1819100	tumor_4163639	COSO27984818	COSV53982928	COSN8364877	105383370	c.-85-12153T>G	p.?	intron_variant		u	3	185416344	185416344	+		COSU440		ENST00000265026.7:c.-85-12153T>G	3:g.185416344T>G	T	G	Confirmed somatic variant
MAP3K13	COSG59626	ENST00000265026.7	COSS2950130	1_6-105	COSO289718122	COSV107302495	COSN32815054	105383373	c.1011-74C>A	p.?	intron_variant		u	3	185449826	185449826	+	36991000			ENST00000265026.7:c.1011-74C>A	3:g.185449826C>A	C	A	Confirmed somatic variant
MAP3K13	COSG59626	ENST00000265026.7	COSS2954343	PD36629a	COSO58566091	COSV107302496	COSN32894134	105383379	c.*2979C>T	p.?	3_prime_UTR_variant		u	3	185485435	185485435	+	36219477			ENST00000265026.7:c.*2979C>T	3:g.185485435C>T	C	T	Variant of unknown origin
MAP3K13	COSG59626	ENST00000265026.7	COSS3007991	HMF002519A	COSO29915674	COSV109602781	COSM11079758	105383383	c.14A>T	p.Q5L	missense_variant		u	3	185428595	185428595	+	31645765		ENSP00000265026.3:p.Gln5Leu	ENST00000265026.7:c.14A>T	3:g.185428595A>T	A	T	Confirmed somatic variant
MAP3K13	COSG59626	ENST00000265026.7	COSS2633715	EOPC-124_tumor_01	COSO32054862	COSV53999116	COSN25704486	105383391	c.*4891G>T	p.?	3_prime_UTR_variant		u	3	185487347	185487347	+		COSU534		ENST00000265026.7:c.*4891G>T	3:g.185487347G>T	G	T	Confirmed somatic variant
MAP3K13	COSG59626	ENST00000265026.7	COSS2633931	YYY-549T	COSO36004862	COSV53985974	COSM6198190	105383402	c.2701T>G	p.S901A	missense_variant		u	3	185480431	185480431	+		COSU371	ENSP00000265026.3:p.Ser901Ala	ENST00000265026.7:c.2701T>G	3:g.185480431T>G	T	G	Confirmed somatic variant
MAP3K13	COSG59626	ENST00000265026.7	COSS2936230	C000-S5ZHWR	COSO326610460	COSV106374624	COSM10172969	105383432	c.1435G>A	p.A479T	missense_variant		u	3	185465793	185465793	+	34045664		ENSP00000265026.3:p.Ala479Thr	ENST00000265026.7:c.1435G>A	3:g.185465793G>A	G	A	Confirmed somatic variant
MAP3K13	COSG59626	ENST00000265026.7	COSS2699153	2699153	COSO29096562	COSV105000469	COSM9554966	105383465	c.9C>A	p.N3K	missense_variant		u	3	185428590	185428590	+	27121473		ENSP00000265026.3:p.Asn3Lys	ENST00000265026.7:c.9C>A	3:g.185428590C>A	C	A	Confirmed somatic variant
MAP3K13	COSG59626	ENST00000265026.7	COSS2722862	P-0006486-T01-IM5	COSO29294862	COSV53988486	COSM3427410	105372364	c.2124G>A	p.W708*	stop_gained	het	u	3	185473455	185473455	+	28481359		ENSP00000265026.3:p.Trp708Ter	ENST00000265026.7:c.2124G>A	3:g.185473455G>A	G	A	Confirmed somatic variant
MAP3K13	COSG59626	ENST00000265026.7	COSS2121450	CPCG_0183_Pr_P_P3	COSO32054826	COSV53996939	COSN4913436	105372374	c.-85-9308C>A	p.?	intron_variant		u	3	185419189	185419189	+		COSU537		ENST00000265026.7:c.-85-9308C>A	3:g.185419189C>A	C	A	Confirmed somatic variant
MAP3K13	COSG59626	ENST00000265026.7	COSS1765243	LUAD-E00897	COSO29914826	COSV53989004	COSM364613	105383493	c.438G>A	p.G146=	synonymous_variant		u	3	185429019	185429019	+	22980975		ENSP00000265026.3:p.Gly146=	ENST00000265026.7:c.438G>A	3:g.185429019G>A	G	A	Variant of unknown origin
MAP3K13	COSG59626	ENST00000265026.7	COSS2385757	TCGA-E7-A6MD-01	COSO27964862	COSV53997544	COSM7106591	105383501	c.2549C>G	p.S850C	missense_variant		u	3	185480279	185480279	+		COSU413	ENSP00000265026.3:p.Ser850Cys	ENST00000265026.7:c.2549C>G	3:g.185480279C>G	C	G	Confirmed somatic variant
MAP3K13	COSG59626	ENST00000265026.7	COSS2385786	TCGA-UY-A9PF-01	COSO27964862	COSV53997869	COSM7156442	105383509	c.2772G>T	p.K924N	missense_variant		u	3	185480502	185480502	+		COSU413	ENSP00000265026.3:p.Lys924Asn	ENST00000265026.7:c.2772G>T	3:g.185480502G>T	G	T	Confirmed somatic variant
MAP3K13	COSG59626	ENST00000265026.7	COSS2386250	TCGA-SJ-A6ZI-01	COSO29025463	COSV53990910	COSM6707180	105372441	c.566C>T	p.A189V	missense_variant		u	3	185437537	185437537	+		COSU419	ENSP00000265026.3:p.Ala189Val	ENST00000265026.7:c.566C>T	3:g.185437537C>T	C	T	Confirmed somatic variant
MAP3K13	COSG59626	ENST00000265026.7	COSS2394940	ESCC-F60	COSO31394830	COSV53989572	COSM5048200	105368727	c.1772G>A	p.R591H	missense_variant		u	3	185473103	185473103	+	24686850		ENSP00000265026.3:p.Arg591His	ENST00000265026.7:c.1772G>A	3:g.185473103G>A	G	A	Confirmed somatic variant
MAP3K13	COSG59626	ENST00000265026.7	COSS2954367	PD36218a	COSO58566091	COSV107302214	COSN32894122	105383530	c.2501+22G>A	p.?	intron_variant		u	3	185477418	185477418	+	36219477			ENST00000265026.7:c.2501+22G>A	3:g.185477418G>A	G	A	Variant of unknown origin
MAP3K13	COSG59626	ENST00000265026.7	COSS2954367	PD36218a	COSO58566091	COSV107302216	COSN32894132	105383532	c.*2677C>T	p.?	3_prime_UTR_variant		u	3	185485133	185485133	+	36219477			ENST00000265026.7:c.*2677C>T	3:g.185485133C>T	C	T	Variant of unknown origin
MAP3K13	COSG59626	ENST00000265026.7	COSS2954367	PD36218a	COSO58566091	COSV107302217	COSN32894148	105383533	c.*5419G>A	p.?	3_prime_UTR_variant		u	3	185487875	185487875	+	36219477			ENST00000265026.7:c.*5419G>A	3:g.185487875G>A	G	A	Variant of unknown origin
MAP3K13	COSG59626	ENST00000265026.7	COSS2186254	AOCS-094-6-X	COSO30135473	COSV53995454	COSN9539433	105383563	c.-86+21373T>C	p.?	intron_variant		u	3	185384741	185384741	+		COSU585		ENST00000265026.7:c.-86+21373T>C	3:g.185384741T>C	T	C	Confirmed somatic variant
MAP3K13	COSG59626	ENST00000265026.7	COSS2186254	AOCS-094-6-X	COSO30135473	COSV53995464	COSN9539443	105383566	c.475+2134G>C	p.?	intron_variant		u	3	185431190	185431190	+		COSU585		ENST00000265026.7:c.475+2134G>C	3:g.185431190G>C	G	C	Confirmed somatic variant
MAP3K13	COSG59626	ENST00000265026.7	COSS3008498	HMF003358A	COSO313120107	COSV53994582	COSM6982107	105368943	c.1775G>A	p.R592Q	missense_variant		u	3	185473106	185473106	+	31645765		ENSP00000265026.3:p.Arg592Gln	ENST00000265026.7:c.1775G>A	3:g.185473106G>A	G	A	Confirmed somatic variant
MAP3K13	COSG59626	ENST00000265026.7	COSS2194996	3584_T	COSO29914830	COSV53989131	COSM3945241	105369459	c.311C>T	p.T104M	missense_variant		u	3	185428892	185428892	+		COSU583	ENSP00000265026.3:p.Thr104Met	ENST00000265026.7:c.311C>T	3:g.185428892C>T	C	T	Confirmed somatic variant
MAP3K13	COSG59626	ENST00000265026.7	COSS2385632	OSCC-GB_01160111	COSO30454862	COSV53988581	COSN23883071	105383614	c.1279-2144T>C	p.?	intron_variant		u	3	185461406	185461406	+		COSU539		ENST00000265026.7:c.1279-2144T>C	3:g.185461406T>C	T	C	Confirmed somatic variant
MAP3K13	COSG59626	ENST00000265026.7	COSS2998580	GC03_Pre	COSO36006232	COSV109602679	COSM10931882	105372523	c.2092C>T	p.L698F	missense_variant		u	3	185473423	185473423	+	32133402		ENSP00000265026.3:p.Leu698Phe	ENST00000265026.7:c.2092C>T	3:g.185473423C>T	C	T	Confirmed somatic variant
MAP3K13	COSG59626	ENST00000265026.7	COSS3008087	HMF002679A	COSO28864826	COSV53990512	COSM4483234	105380267	c.2686C>T	p.P896S	missense_variant		u	3	185480416	185480416	+	31645765		ENSP00000265026.3:p.Pro896Ser	ENST00000265026.7:c.2686C>T	3:g.185480416C>T	C	T	Confirmed somatic variant
MAP3K13	COSG59626	ENST00000265026.7	COSS2688227	CPCG0071-F1	COSO32054826	COSV53986487	COSN27877247	105383627	c.475+1304A>G	p.?	intron_variant		u	3	185430360	185430360	+		COSU537		ENST00000265026.7:c.475+1304A>G	3:g.185430360A>G	A	G	Confirmed somatic variant
