SAMPLE_NAME	COSMIC_SAMPLE_ID	COSMIC_PHENOTYPE_ID	COSMIC_STRUCTURAL_ID	MUTATION_TYPE	CHROM_FROM	LOCATION_FROM_MIN	LOCATION_FROM_MAX	STRAND_FROM	CHROM_TO	LOCATION_TO_MIN	LOCATION_TO_MAX	STRAND_TO	NON_TEMPLATED_INS_SEQ	PUBMED_PMID	COSMIC_STUDY_ID
PR-1701	COSS1669605	COSO32054862	COST22475	intrachromosomal with inverted orientation	3	65550669	65550669	-	3	73833872	73833872	+		21307934	
PD3726a	COSS1161749	COSO30135468	COST23793	Interchromosomal unknown type	20	47199899	47199899	+	22	38235973	38235973	-		22514011	COSU394
PD3726a	COSS1161749	COSO30135468	COST23799	intrachromosomal tandem duplication	20	61629785	61629785	-	20	62329819	62329819	-		22514011	COSU394
PD3726a	COSS1161749	COSO30135468	COST23802	intrachromosomal tandem duplication	7	16416730	16416730	-	7	18092439	18092439	-		22514011	COSU394
PD3726a	COSS1161749	COSO30135468	COST23804	intrachromosomal deletion	15	69365522	69365522	+	15	69439723	69439723	+		22514011	COSU394
PD3726a	COSS1161749	COSO30135468	COST23810	intrachromosomal tandem duplication	9	35835732	35835732	-	9	35997739	35997739	-		22514011	COSU394
PD3726a	COSS1161749	COSO30135468	COST23819	intrachromosomal deletion	4	84702747	84702747	+	4	84703044	84703044	+		22514011	COSU394
PD3904a	COSS1230672	COSO28395278	COST26411	intrachromosomal deletion	12	49065781	49065781	+	12	49073179	49073179	+		22722201	COSU385
HCC1954	COSS1717243	COSO283912932	COST26627	Intrachromosomal unknown type	15	31079062	31079153	+	15	59621267	59621384	-		21493686	
PD4198a	COSS1351059	COSO283917655	COST25592	intrachromosomal deletion	5	63181752	63181752	+	5	63716935	63716935	+		22722201	COSU385
PR-3043	COSS1669610	COSO32054862	COST22818	intrachromosomal with inverted orientation	6	161979960	161979960	-	6	163917996	163917996	+		21307934	
PD3731a	COSS1161759	COSO30135468	COST23712	Interchromosomal unknown type	10	111711614	111711614	-	19	15139847	15139847	-		22514011	COSU394
PD4116a	COSS1317067	COSO28395278	COST25708	Interchromosomal unknown type	9	93804947	93804947	+	18	8272710	8272710	-		22722201	COSU385
PD4107a	COSS1317049	COSO28395278	COST25725	Interchromosomal unknown type	10	63435888	63435888	+	12	55712308	55712308	+		22722201	COSU385
PD3827e	COSS1242005	COSO29004862	COST21467	intrachromosomal deletion	18	28008557	28008557	+	18	29367543	29367543	+		20981101	
PD4116a	COSS1317067	COSO28395278	COST25682	Interchromosomal unknown type	4	30374878	30374878	+	13	45535425	45535425	+	TAATAAATTATTATATCTTAATGTCTACATATGTATCATTTATCCACACATGCATTTTTTCCTAAAATTATCTCCACTAAGTACAATAATTCCTTCTAGTTAAAAAATTCTATGATTCTAACTAATGAAAGATTTAAAAATAC	22722201	COSU385
PD3730a	COSS1161757	COSO30135468	COST23722	intrachromosomal tandem duplication	19	12563168	12563168	-	19	12806447	12806447	-		22514011	COSU394
PD3730a	COSS1161757	COSO30135468	COST23734	intrachromosomal tandem duplication	3	172837190	172837190	-	3	173216564	173216564	-		22514011	COSU394
PD3723a	COSS1161743	COSO30135468	COST23745	intrachromosomal tandem duplication	9	35557603	35557603	-	9	36709424	36709424	-		22514011	COSU394
COLO-829	COSS687448	COSO32666078	COST20244	intrachromosomal deletion	2	61874943	61874943	+	2	62238481	62238481	+	caag	20016485	
PD4116a	COSS1317067	COSO28395278	COST25638	Interchromosomal unknown type	11	80368244	80368244	+	17	14202137	14202137	+		22722201	COSU385
PD4107a	COSS1317049	COSO28395278	COST25758	Interchromosomal unknown type	5	163772478	163772478	+	15	81498098	81498098	+		22722201	COSU385
PD4107a	COSS1317049	COSO28395278	COST25762	Interchromosomal unknown type	6	130819755	130819755	-	16	87032015	87032015	+		22722201	COSU385
ME015T	COSS1673888	COSO55636078	COST23199	intrachromosomal with inverted orientation	1	76366537	76366537	+	1	102748083	102748083	-		22622578	
ME015T	COSS1673888	COSO55636078	COST23207	Interchromosomal unknown type	1	212451387	212451387	+	14	59136788	59136788	+		22622578	
ME015T	COSS1673888	COSO55636078	COST23211	intrachromosomal with non-inverted orientation	4	21313172	21313172	+	4	28232641	28232641	+		22622578	
RAMP_0005_Lv_M_526	COSS2549753	COSO29004862	COST468795	Interchromosomal unknown type	6	69020498	69020498	+	X	11714162	11714162	+			COSU382
RAMP_0005_Lv_M_526	COSS2549753	COSO29004862	COST468800	intrachromosomal deletion	9	26848277	26848277	-	9	26870697	26870697	+			COSU382
DN11197	COSS2549260	COSO283912932	COST467269	intrachromosomal with inverted orientation	17	58099445	58099445	+	17	58884079	58884079	-			COSU668
DN111A7	COSS2549203	COSO283912932	COST467295	intrachromosomal with inverted orientation	6	170168688	170168688	+	6	170170428	170170428	-			COSU668
DN120F1	COSS2549294	COSO283912932	COST471436	Interchromosomal unknown type	17	54625062	54625062	+	18	48574011	48574011	+			COSU668
DN120FF	COSS2549196	COSO283912932	COST471446	intrachromosomal with non-inverted orientation	11	76341926	76341926	+	11	76382526	76382526	+			COSU668
RK082_C01	COSS1918862	COSO29824862	COST472029	intrachromosomal tandem duplication	16	14540814	14540814	-	16	14546979	14546979	+			COSU322
RK085_C01	COSS2120960	COSO29824862	COST472033	intrachromosomal inversion	1	178169447	178169447	-	1	184989199	184989199	-			COSU322
MC-7T	COSS2570222	COSO32054826	COST473887	intrachromosomal deletion	X	77698554	77698554	+	X	77702791	77702791	+		27087322	
DN1307F	COSS2549309	COSO283912932	COST471602	Interchromosomal unknown type	2	212321194	212321194	+	8	58584427	58584427	+			COSU668
MC-3T	COSS2570218	COSO32054826	COST473599	intrachromosomal deletion	16	54111293	54111293	+	16	54980997	54980997	+		27087322	
MC-3T	COSS2570218	COSO32054826	COST473601	intrachromosomal deletion	16	56055142	56055142	+	16	89541965	89541965	+		27087322	
HCC1395	COSS749712	COSO28395278	COST474630	intrachromosomal with non-inverted orientation	6	55555462	55555462	-	10	1715183	1715183	+		20033038	
PD3668a	COSS1126084	COSO28394862	COST474577	intrachromosomal with inverted orientation	21	31233107	31233107	+	21	31233278	31233278	-		20033038	
PD3668a	COSS1126084	COSO28394862	COST474587	interchromosomal amplicon to amplicon	7	53811692	53811692	+	15	82042094	82042094	-		20033038	
PD3668a	COSS1126084	COSO28394862	COST474595	intrachromosomal amplicon to amplicon	7	22888892	22888892	-	7	27186936	27186936	+	ttggc	20033038	
DN14042	COSS2549311	COSO283912932	COST471749	Interchromosomal unknown type	1	56382448	56382448	+	13	26138507	26138507	-			COSU668
DN14042	COSS2549311	COSO283912932	COST471756	intrachromosomal with inverted orientation	12	46428851	46428851	-	12	109493894	109493894	+			COSU668
DN111AA	COSS2549182	COSO283912932	COST469242	intrachromosomal with non-inverted orientation	11	30949344	30949344	+	11	35951120	35951120	+			COSU668
DN111AA	COSS2549182	COSO283912932	COST469243	intrachromosomal with inverted orientation	11	361138	361138	+	11	9988301	9988301	-			COSU668
DN111AA	COSS2549182	COSO283912932	COST469258	intrachromosomal with inverted orientation	6	40253560	40253560	+	6	44391620	44391620	-			COSU668
DN14042	COSS2549311	COSO283912932	COST469817	Interchromosomal unknown type	1	65992406	65992406	-	12	104837851	104837851	+			COSU668
RK054_C01	COSS1918843	COSO29824862	COST471930	intrachromosomal deletion	4	121155931	121155931	+	4	121156989	121156989	-			COSU322
RK056_C01	COSS1918845	COSO29824862	COST471946	intrachromosomal inversion	8	48764343	48764343	+	8	141758535	141758535	+			COSU322
DN14011	COSS2549288	COSO283912932	COST469699	Interchromosomal unknown type	3	129093824	129093824	-	4	159368726	159368726	+			COSU668
DN11153	COSS2549245	COSO283912932	COST469170	intrachromosomal with non-inverted orientation	6	138195693	138195693	+	6	138215822	138215822	+			COSU668
DN1401F	COSS2549318	COSO283912932	COST469750	intrachromosomal with inverted orientation	11	93094950	93094950	-	11	130482006	130482006	+			COSU668
DN1307F	COSS2549309	COSO283912932	COST467715	intrachromosomal with non-inverted orientation	19	54221996	54222196	-	19	54664138	54664138	-			COSU668
DN1307F	COSS2549309	COSO283912932	COST467732	intrachromosomal with non-inverted orientation	8	59553736	59553736	+	8	78655374	78655374	+			COSU668
RK105_C01	COSS2120969	COSO29824862	COST468260	Interchromosomal unknown type	4	80814686	80814686	+	19	17522855	17522855	+			COSU322
RK107_C01	COSS1918875	COSO29824862	COST468266	Interchromosomal unknown type	12	122014001	122014001	-	22	31751570	31751570	+			COSU322
DN120A6	COSS2549272	COSO283912932	COST467527	intrachromosomal with inverted orientation	20	53145897	53145897	+	20	53493603	53493603	-			COSU668
RK019_C	COSS2194723	COSO29824862	COST468024	Interchromosomal unknown type	5	175869663	175869663	-	6	37324661	37324661	+			COSU322
RK019_C	COSS2194723	COSO29824862	COST468034	intrachromosomal deletion	9	77822447	77822447	+	9	77843995	77843995	-			COSU322
DN11153	COSS2549245	COSO283912932	COST467228	intrachromosomal with inverted orientation	6	134806246	134806246	-	6	153404225	153404225	+			COSU668
DN11153	COSS2549245	COSO283912932	COST467229	intrachromosomal with non-inverted orientation	6	138141870	138141870	+	6	150290154	150290154	+			COSU668
DN11153	COSS2549245	COSO283912932	COST467231	intrachromosomal with inverted orientation	6	30567993	30568193	+	6	57087424	57087424	-			COSU668
DN12171	COSS2549274	COSO283912932	COST471538	intrachromosomal with non-inverted orientation	8	43219762	43219762	+	8	79435407	79435407	+			COSU668
RK019_C	COSS2194723	COSO29824862	COST471865	Interchromosomal unknown type	6	134152427	134152427	-	12	91150690	91150690	+			COSU322
DN14012	COSS2549285	COSO283912932	COST467777	intrachromosomal with non-inverted orientation	5	18786990	18786990	+	5	35662530	35662530	+			COSU668
DN14012	COSS2549285	COSO283912932	COST467780	intrachromosomal with non-inverted orientation	6	58046134	58046334	+	6	58051261	58051261	+			COSU668
DN1401C	COSS2549324	COSO283912932	COST467787	intrachromosomal with non-inverted orientation	10	26595200	26595200	-	10	26929403	26929403	-			COSU668
DN1401D	COSS2549322	COSO283912932	COST467808	Interchromosomal unknown type	7	129641426	129641426	-	19	52612745	52612745	-			COSU668
RK125_C01	COSS2120977	COSO29824862	COST468329	intrachromosomal deletion	3	158646724	158646724	+	3	158835403	158835403	-			COSU322
DN12100	COSS2549217	COSO283912932	COST472829	intrachromosomal with inverted orientation	4	54292350	54292350	+	4	54468497	54468497	-			COSU668
RK177_C01	COSS1918896	COSO29824862	COST468420	intrachromosomal deletion	4	10853115	10853115	+	4	10988676	10988676	-			COSU322
RK177_C01	COSS1918896	COSO29824862	COST468421	intrachromosomal deletion	6	144293414	144293414	+	6	144441502	144441502	-			COSU322
RK085_C01	COSS2120960	COSO29824862	COST472040	intrachromosomal inversion	8	86021626	86021626	-	8	91545940	91545940	-			COSU322
RAMP_0002_Pa_P_526	COSS2549747	COSO29004862	COST472667	intrachromosomal deletion	2	17528231	17528231	+	2	17529919	17529919	+			COSU382
RAMP_0006_Lv_M_526	COSS2549755	COSO29004862	COST472685	intrachromosomal deletion	2	59508023	59508023	+	2	59509225	59509225	+			COSU382
RAMP_0006_Lv_M_526	COSS2549755	COSO29004862	COST472688	intrachromosomal deletion	6	149276272	149276272	-	6	149278465	149278465	+			COSU382
RK023_C	COSS2339368	COSO29824862	COST471874	Interchromosomal unknown type	2	46558442	46558442	+	10	93887290	93887290	+			COSU322
RK289_C01	COSS2340755	COSO29824862	COST472493	intrachromosomal tandem duplication	11	69505680	69505680	-	11	69783716	69783716	+			COSU322
RK306_C01	COSS2340311	COSO29824862	COST472502	intrachromosomal inversion	8	47680056	47680056	-	8	49720316	49720316	-			COSU322
DN1302F	COSS2549305	COSO283912932	COST472832	intrachromosomal with non-inverted orientation	8	119459463	119459463	-	8	119483897	119483897	-			COSU668
DN14042	COSS2549311	COSO283912932	COST472840	intrachromosomal with non-inverted orientation	1	5327493	5327493	+	1	10414874	10414874	+			COSU668
DN14041	COSS2549320	COSO283912932	COST471686	intrachromosomal with non-inverted orientation	1	107227360	107227360	+	1	200356935	200356935	+			COSU668
RK172_C01	COSS2120993	COSO29824862	COST472273	intrachromosomal tandem duplication	3	177398168	177398168	-	3	177424165	177424165	+			COSU322
RK172_C01	COSS2120993	COSO29824862	COST472274	intrachromosomal inversion	5	65723808	65723808	-	5	110778788	110778788	-			COSU322
RK177_C01	COSS1918896	COSO29824862	COST472291	Interchromosomal unknown type	8	35438943	35438943	-	16	5135627	5135627	-			COSU322
DN14063	COSS2549307	COSO283912932	COST471781	Interchromosomal unknown type	6	64758010	64758010	-	10	53135795	53135795	+			COSU668
DN14065	COSS2549222	COSO283912932	COST471789	Interchromosomal unknown type	12	67400363	67400363	-	17	59894103	59894103	-			COSU668
DN1107E	COSS2549235	COSO283912932	COST470945	intrachromosomal with non-inverted orientation	1	212523282	212523282	+	1	212540919	212540919	+			COSU668
RK280_C01	COSS2340694	COSO29824862	COST468586	intrachromosomal tandem duplication	3	180921209	180921209	-	3	181128789	181128789	+			COSU322
DN11153	COSS2549245	COSO283912932	COST466874	intrachromosomal with non-inverted orientation	18	40486052	40486052	+	18	42578336	42578336	+			COSU668
DN1107E	COSS2549235	COSO283912932	COST466895	intrachromosomal with non-inverted orientation	17	54896371	54896371	-	17	65328089	65328089	-			COSU668
PCSI_0518_Pa_P_526	COSS2549763	COSO29004862	COST472572	intrachromosomal tandem duplication	18	21300077	21300077	+	18	23675778	23675778	+			COSU382
MC-10M	COSS2570225	COSO32054826	COST474083	intrachromosomal deletion	11	86909233	86909233	+	11	86934127	86934127	+		27087322	
RK120_C01	COSS2120975	COSO29824862	COST470237	Interchromosomal unknown type	5	80334571	80334571	-	9	26498537	26498537	+			COSU322
RAMP_0002_Ln_M_526	COSS2549749	COSO29004862	COST470851	intrachromosomal deletion	2	26138693	26138693	+	2	26139016	26139016	+			COSU382
RAMP_0006_Pa_P_526	COSS2549754	COSO29004862	COST472700	intrachromosomal deletion	19	9038797	9038797	+	19	9040895	9040895	+			COSU382
DN110E9	COSS2549201	COSO283912932	COST467164	Interchromosomal unknown type	12	56739062	56739062	-	14	61484225	61484225	-			COSU668
DN110E9	COSS2549201	COSO283912932	COST467173	intrachromosomal with inverted orientation	19	37736698	37736698	-	19	38322609	38322609	+			COSU668
