COSMIC_CNV_ID	COSMIC_GENE_ID	GENE_SYMBOL	COSMIC_SAMPLE_ID	SAMPLE_NAME	COSMIC_PHENOTYPE_ID	TOTAL_CN	MINOR_ALLELE	MUT_TYPE	COSMIC_STUDY_ID	CHROMOSOME	GENOME_START	GENOME_STOP
COSCNV1603103	COSG73922	PRAMEF19	COSS1184078	PD3890a	COSO28395278	1		loss	COSU385	1	61735	36133555
COSCNV1603103	COSG73932	DCDC2B	COSS1184078	PD3890a	COSO28395278	1		loss	COSU385	1	61735	36133555
COSCNV1603103	COSG73939	E2F2	COSS1184078	PD3890a	COSO28395278	1		loss	COSU385	1	61735	36133555
COSCNV1603103	COSG73965	NOC2L	COSS1184078	PD3890a	COSO28395278	1		loss	COSU385	1	61735	36133555
COSCNV1603103	COSG73995	NMNAT1	COSS1184078	PD3890a	COSO28395278	1		loss	COSU385	1	61735	36133555
COSCNV1603103	COSG74120	AADACL4	COSS1184078	PD3890a	COSO28395278	1		loss	COSU385	1	61735	36133555
COSCNV1603103	COSG74132	DFFB	COSS1184078	PD3890a	COSO28395278	1		loss	COSU385	1	61735	36133555
COSCNV1603103	COSG74178	LZIC	COSS1184078	PD3890a	COSO28395278	1		loss	COSU385	1	61735	36133555
COSCNV1603103	COSG74274	SNRNP40	COSS1184078	PD3890a	COSO28395278	1		loss	COSU385	1	61735	36133555
COSCNV1603103	COSG72041	RPA2	COSS1184078	PD3890a	COSO28395278	1		loss	COSU385	1	61735	36133555
COSCNV1603103	COSG72071	MRTO4	COSS1184078	PD3890a	COSO28395278	1		loss	COSU385	1	61735	36133555
COSCNV1603103	COSG74332	SERINC2	COSS1184078	PD3890a	COSO28395278	1		loss	COSU385	1	61735	36133555
COSCNV1603103	COSG72144	CROCC	COSS1184078	PD3890a	COSO28395278	1		loss	COSU385	1	61735	36133555
COSCNV1603103	COSG72211	ATAD3A	COSS1184078	PD3890a	COSO28395278	1		loss	COSU385	1	61735	36133555
COSCNV1603103	COSG72233	SLC25A34	COSS1184078	PD3890a	COSO28395278	1		loss	COSU385	1	61735	36133555
COSCNV1603103	COSG72243	TMEM234	COSS1184078	PD3890a	COSO28395278	1		loss	COSU385	1	61735	36133555
COSCNV1603103	COSG74621	HNRNPCL3	COSS1184078	PD3890a	COSO28395278	1		loss	COSU385	1	61735	36133555
COSCNV1603103	COSG74654	CD52	COSS1184078	PD3890a	COSO28395278	1		loss	COSU385	1	61735	36133555
COSCNV1603103	COSG74687	RCC1	COSS1184078	PD3890a	COSO28395278	1		loss	COSU385	1	61735	36133555
COSCNV1603103	COSG74708	RAP1GAP	COSS1184078	PD3890a	COSO28395278	1		loss	COSU385	1	61735	36133555
COSCNV1603103	COSG72339	TNFRSF9	COSS1184078	PD3890a	COSO28395278	1		loss	COSU385	1	61735	36133555
COSCNV1603103	COSG74752	SH3BGRL3	COSS1184078	PD3890a	COSO28395278	1		loss	COSU385	1	61735	36133555
COSCNV1603103	COSG72589	PRAMEF1	COSS1184078	PD3890a	COSO28395278	1		loss	COSU385	1	61735	36133555
COSCNV1603103	COSG72615	HSPG2	COSS1184078	PD3890a	COSO28395278	1		loss	COSU385	1	61735	36133555
COSCNV1603103	COSG75011	PLA2G2F	COSS1184078	PD3890a	COSO28395278	1		loss	COSU385	1	61735	36133555
COSCNV1603103	COSG75058	CAMK2N1	COSS1184078	PD3890a	COSO28395278	1		loss	COSU385	1	61735	36133555
COSCNV1603103	COSG67241	TINAGL1	COSS1184078	PD3890a	COSO28395278	1		loss	COSU385	1	61735	36133555
COSCNV1603103	COSG67295	PRAMEF33	COSS1184078	PD3890a	COSO28395278	1		loss	COSU385	1	61735	36133555
COSCNV1603103	COSG70690	PGD	COSS1184078	PD3890a	COSO28395278	1		loss	COSU385	1	61735	36133555
COSCNV1603103	COSG70770	ACTL8	COSS1184078	PD3890a	COSO28395278	1		loss	COSU385	1	61735	36133555
COSCNV1603103	COSG70813	RPS6KA1	COSS1184078	PD3890a	COSO28395278	1		loss	COSU385	1	61735	36133555
COSCNV1603103	COSG60908	PITHD1	COSS1184078	PD3890a	COSO28395278	1		loss	COSU385	1	61735	36133555
COSCNV1603103	COSG61031	NCMAP	COSS1184078	PD3890a	COSO28395278	1		loss	COSU385	1	61735	36133555
COSCNV1603103	COSG61059	SYNC	COSS1184078	PD3890a	COSO28395278	1		loss	COSU385	1	61735	36133555
COSCNV1603103	COSG64221	MASP2	COSS1184078	PD3890a	COSO28395278	1		loss	COSU385	1	61735	36133555
COSCNV1603103	COSG64314	NECAP2	COSS1184078	PD3890a	COSO28395278	1		loss	COSU385	1	61735	36133555
COSCNV1603103	COSG67410	HNRNPCL1	COSS1184078	PD3890a	COSO28395278	1		loss	COSU385	1	61735	36133555
COSCNV1603103	COSG67588	RSC1A1	COSS1184078	PD3890a	COSO28395278	1		loss	COSU385	1	61735	36133555
COSCNV1603103	COSG57917	PADI6	COSS1184078	PD3890a	COSO28395278	1		loss	COSU385	1	61735	36133555
COSCNV1603103	COSG57925	COL8A2	COSS1184078	PD3890a	COSO28395278	1		loss	COSU385	1	61735	36133555
COSCNV1603103	COSG61199	CAMTA1	COSS1184078	PD3890a	COSO28395278	1		loss	COSU385	1	61735	36133555
COSCNV1603103	COSG64419	PDPN	COSS1184078	PD3890a	COSO28395278	1		loss	COSU385	1	61735	36133555
COSCNV1603103	COSG64462	ARHGEF10L	COSS1184078	PD3890a	COSO28395278	1		loss	COSU385	1	61735	36133555
COSCNV1603103	COSG67659	EPHB2	COSS1184078	PD3890a	COSO28395278	1		loss	COSU385	1	61735	36133555
COSCNV1603103	COSG67777	CLCN6	COSS1184078	PD3890a	COSO28395278	1		loss	COSU385	1	61735	36133555
COSCNV1603103	COSG58022	FUCA1	COSS1184078	PD3890a	COSO28395278	1		loss	COSU385	1	61735	36133555
COSCNV1603103	COSG58112	CEP85	COSS1184078	PD3890a	COSO28395278	1		loss	COSU385	1	61735	36133555
COSCNV1603103	COSG58154	HNRNPCL2	COSS1184078	PD3890a	COSO28395278	1		loss	COSU385	1	61735	36133555
COSCNV1603103	COSG61459	PEX10	COSS1184078	PD3890a	COSO28395278	1		loss	COSU385	1	61735	36133555
COSCNV1603103	COSG64585	WNT4	COSS1184078	PD3890a	COSO28395278	1		loss	COSU385	1	61735	36133555
COSCNV1603103	COSG64697	SRRM1	COSS1184078	PD3890a	COSO28395278	1		loss	COSU385	1	61735	36133555
COSCNV1603103	COSG64721	MARCKSL1	COSS1184078	PD3890a	COSO28395278	1		loss	COSU385	1	61735	36133555
COSCNV1603103	COSG67831	DDOST	COSS1184078	PD3890a	COSO28395278	1		loss	COSU385	1	61735	36133555
COSCNV1603103	COSG67925	HP1BP3	COSS1184078	PD3890a	COSO28395278	1		loss	COSU385	1	61735	36133555
COSCNV1603103	COSG64826	DDI2	COSS1184078	PD3890a	COSO28395278	1		loss	COSU385	1	61735	36133555
COSCNV1603103	COSG64895	RCAN3	COSS1184078	PD3890a	COSO28395278	1		loss	COSU385	1	61735	36133555
COSCNV1603103	COSG64905	TMEM222	COSS1184078	PD3890a	COSO28395278	1		loss	COSU385	1	61735	36133555
COSCNV1603103	COSG58468	VWA5B1	COSS1184078	PD3890a	COSO28395278	1		loss	COSU385	1	61735	36133555
COSCNV1603103	COSG64979	PLA2G2D	COSS1184078	PD3890a	COSO28395278	1		loss	COSU385	1	61735	36133555
COSCNV1603103	COSG65069	DNAJC16	COSS1184078	PD3890a	COSO28395278	1		loss	COSU385	1	61735	36133555
COSCNV1603103	COSG65079	CELA3A	COSS1184078	PD3890a	COSO28395278	1		loss	COSU385	1	61735	36133555
COSCNV1603103	COSG68245	TNFRSF14	COSS1184078	PD3890a	COSO28395278	1		loss	COSU385	1	61735	36133555
COSCNV1603103	COSG68317	ECE1	COSS1184078	PD3890a	COSO28395278	1		loss	COSU385	1	61735	36133555
COSCNV1603103	COSG58649	SSU72	COSS1184078	PD3890a	COSO28395278	1		loss	COSU385	1	61735	36133555
COSCNV1603103	COSG58678	KIAA1522	COSS1184078	PD3890a	COSO28395278	1		loss	COSU385	1	61735	36133555
COSCNV1603103	COSG58743	AK2	COSS1184078	PD3890a	COSO28395278	1		loss	COSU385	1	61735	36133555
COSCNV1603103	COSG58753	S100PBP	COSS1184078	PD3890a	COSO28395278	1		loss	COSU385	1	61735	36133555
COSCNV1603103	COSG58757	TRIM62	COSS1184078	PD3890a	COSO28395278	1		loss	COSU385	1	61735	36133555
COSCNV1603103	COSG58820	MUL1	COSS1184078	PD3890a	COSO28395278	1		loss	COSU385	1	61735	36133555
COSCNV1603103	COSG61917	EPHA8	COSS1184078	PD3890a	COSO28395278	1		loss	COSU385	1	61735	36133555
COSCNV1603103	COSG61928	MFAP2	COSS1184078	PD3890a	COSO28395278	1		loss	COSU385	1	61735	36133555
COSCNV1603103	COSG61944	DNAJC11	COSS1184078	PD3890a	COSO28395278	1		loss	COSU385	1	61735	36133555
COSCNV1603103	COSG62056	FAM76A	COSS1184078	PD3890a	COSO28395278	1		loss	COSU385	1	61735	36133555
COSCNV1603103	COSG68504	AC114490.2	COSS1184078	PD3890a	COSO28395278	1		loss	COSU385	1	61735	36133555
COSCNV1603103	COSG70859	TENT5B	COSS1184078	PD3890a	COSO28395278	1		loss	COSU385	1	61735	36133555
COSCNV1603103	COSG70950	ZMYM1	COSS1184078	PD3890a	COSO28395278	1		loss	COSU385	1	61735	36133555
COSCNV1603103	COSG70974	SCNN1D	COSS1184078	PD3890a	COSO28395278	1		loss	COSU385	1	61735	36133555
COSCNV1603103	COSG71022	TRNAU1AP	COSS1184078	PD3890a	COSO28395278	1		loss	COSU385	1	61735	36133555
COSCNV1603103	COSG71046	AKR7A3	COSS1184078	PD3890a	COSO28395278	1		loss	COSU385	1	61735	36133555
COSCNV1603103	COSG73192	PRAMEF9	COSS1184078	PD3890a	COSO28395278	1		loss	COSU385	1	61735	36133555
COSCNV1603103	COSG75608	EYA3	COSS1184078	PD3890a	COSO28395278	1		loss	COSU385	1	61735	36133555
COSCNV1603103	COSG73370	C1orf232	COSS1184078	PD3890a	COSO28395278	1		loss	COSU385	1	61735	36133555
COSCNV1603103	COSG73479	MINOS1	COSS1184078	PD3890a	COSO28395278	1		loss	COSU385	1	61735	36133555
COSCNV1603103	COSG73509	RPL22	COSS1184078	PD3890a	COSO28395278	1		loss	COSU385	1	61735	36133555
COSCNV1603103	COSG73565	PLA2G2E	COSS1184078	PD3890a	COSO28395278	1		loss	COSU385	1	61735	36133555
COSCNV1603103	COSG73641	RNF207	COSS1184078	PD3890a	COSO28395278	1		loss	COSU385	1	61735	36133555
COSCNV1603103	COSG71348	VAMP3	COSS1184078	PD3890a	COSO28395278	1		loss	COSU385	1	61735	36133555
COSCNV1603103	COSG71518	ARID1A	COSS1184078	PD3890a	COSO28395278	1		loss	COSU385	1	61735	36133555
COSCNV1603103	COSG71530	FABP3	COSS1184078	PD3890a	COSO28395278	1		loss	COSU385	1	61735	36133555
COSCNV1603103	COSG71597	KPNA6	COSS1184078	PD3890a	COSO28395278	1		loss	COSU385	1	61735	36133555
COSCNV1603103	COSG69121	PUM1	COSS1184078	PD3890a	COSO28395278	1		loss	COSU385	1	61735	36133555
COSCNV1603103	COSG59545	PRXL2B	COSS1184078	PD3890a	COSO28395278	1		loss	COSU385	1	61735	36133555
COSCNV1603103	COSG59562	RBBP4	COSS1184078	PD3890a	COSO28395278	1		loss	COSU385	1	61735	36133555
COSCNV1603103	COSG59606	RPL11	COSS1184078	PD3890a	COSO28395278	1		loss	COSU385	1	61735	36133555
COSCNV1603103	COSG59611	TRIM63	COSS1184078	PD3890a	COSO28395278	1		loss	COSU385	1	61735	36133555
COSCNV1603103	COSG62763	RAB42	COSS1184078	PD3890a	COSO28395278	1		loss	COSU385	1	61735	36133555
COSCNV1603103	COSG62798	SRARP	COSS1184078	PD3890a	COSO28395278	1		loss	COSU385	1	61735	36133555
COSCNV1603103	COSG62821	PRAMEF14	COSS1184078	PD3890a	COSO28395278	1		loss	COSU385	1	61735	36133555
COSCNV1603103	COSG62843	MTFR1L	COSS1184078	PD3890a	COSO28395278	1		loss	COSU385	1	61735	36133555
