GENE_SYMBOL	COSMIC_GENE_ID	TRANSCRIPT_ACCESSION	MUTATION_NC_ID	SAMPLE_NAME	COSMIC_SAMPLE_ID	COSMIC_PHENOTYPE_ID	GENOMIC_MUTATION_ID	LEGACY_MUTATION_ID	ZYGOSITY	CHROMOSOME	GENOME_START	GENOME_STOP	GENOMIC_WT_ALLELE	GENOMIC_MUT_ALLELE	COSMIC_STUDY_ID	PUBMED_PMID	HGVSG	MUTATION_SOMATIC_STATUS
			89021411	AOCS-096-1-7	COSS2196310	COSO30135473	COSV64237049	COSN8843747	Unknown	14	49105742	49105742	C	G	COSU585		14:g.49105742C>G	Confirmed somatic variant
			89083698	CPCG0208-F1	COSS2340493	COSO32054826	COSV60440380	COSN29528481	Unknown	14	29539785	29539786	TG		COSU537		14:g.29539785_29539786del	Confirmed somatic variant
			89104745	CPCG9001-P1	COSS2688258	COSO32054826	COSV54211015	COSN27980247	Unknown	1	153467076	153467076	A	G	COSU537		1:g.153467076A>G	Confirmed somatic variant
			89257726	DA12006	COSS2634935	COSO32054826	COSV65092454	COSN26795582	Unknown	12	33942226	33942226	A	T	COSU675		12:g.33942226A>T	Confirmed somatic variant
			89264473	0012_CRUK_PC_0012_T1_DNA	COSS2457568	COSO32054826	COSV54906686	COSN19442023	Unknown	1	5222388	5222388	G	T	COSU538		1:g.5222388G>T	Confirmed somatic variant
			89269636	ML_113_T_01	COSS2583925	COSO32664862	COSV70148141	COSN24358245	Unknown	1	159624537	159624537	T	G	COSU656		1:g.159624537T>G	Confirmed somatic variant
			89305219	PD7188a	COSS1527076	COSO103585202	COSV63268813	COSN7058989	Unknown	5	105652981	105652981	A	T		24633157	5:g.105652981A>T	Confirmed somatic variant
			89568601	CPCG0432-F1	COSS2746158	COSO32054826	COSV68961279	COSN29562429	Unknown	21	15146272	15146272	C	A	COSU537		21:g.15146272C>A	Confirmed somatic variant
			89568813	PD9467a	COSS1644504	COSO28395278	COSV59249544	COSN22024788	Unknown	14	86794467	86794467	G	T	COSU652		14:g.86794467G>T	Confirmed somatic variant
			89649344	C0028T	COSS2197746	COSO29644954	COSV50947327	COSN15572879	Unknown	1	81168131	81168131	T	G	COSU588		1:g.81168131T>G	Confirmed somatic variant
			89762084	LP6008269-DNA_E06	COSS2789519	COSO31394826	COSV101692064	COSN30437683	Unknown	7	48980019	48980019	A	C	COSU535		7:g.48980019A>C	Confirmed somatic variant
			89869134	192-01-4TD	COSS1921450	COSO27985045	COSV62336632	COSN19100512	Unknown	6	57668746	57668746	C	G	COSU340	21642962	6:g.57668746C>G	Confirmed somatic variant
			89834210	PCSI_0504_Pa_P_526	COSS2339404	COSO29005278	COSV62889579	COSN15860466	Unknown	21	20518081	20518081	C	T	COSU382		21:g.20518081C>T	Confirmed somatic variant
			89807441	DN1502C	COSS2633584	COSO283912932	COSV68135894	COSN26694507	Unknown	14	80471210	80471210	C	T	COSU668		14:g.80471210C>T	Confirmed somatic variant
			89908995	PD9760a	COSS1660120	COSO28395278	COSV66879948	COSN22039258	Unknown	7	128419791	128419791	A	C	COSU652		7:g.128419791A>C	Confirmed somatic variant
			89083698	ICGC_GBM18_tumor	COSS2634839	COSO28245255	COSV60440380	COSN29528481	Unknown	14	29539785	29539786	TG		COSU379		14:g.29539785_29539786del	Confirmed somatic variant
			90002530	1525-01-2TD	COSS2744692	COSO27985045	COSV51312829	COSN28197864	Unknown	12	19747354	19747354	T	A	COSU340	21642962	12:g.19747354T>A	Confirmed somatic variant
			90040236	Patient_5	COSS2443648	COSO29096562	COSV68607789	COSN18913301	Unknown	14	35381991	35381991	C	T		26082451	14:g.35381991C>T	Confirmed somatic variant
			90107998	PD26854a	COSS2935719	COSO362221946	COSV106244734	COSN32317993	Unknown	6	122365693	122365693	T	C		30889380	6:g.122365693T>C	Confirmed somatic variant
			90085703	PD26873a	COSS2935739	COSO353721945	COSV106176165	COSN32413733	Unknown	5	44278872	44278873		T		30889380	5:g.44278872dup	Confirmed somatic variant
			90181585	AOCS-124-1-X	COSS2196280	COSO30135473	COSV68524211	COSN9698517	Unknown	9	119453165	119453165	G	A	COSU585		9:g.119453165G>A	Confirmed somatic variant
			90221380	0117_CRUK_PC_0117_T1_DNA	COSS2457587	COSO32054826	COSV54928043	COSN19608017	Unknown	2	199743999	199743999	C	A	COSU538		2:g.199743999C>A	Confirmed somatic variant
			90306084	SM-4B296	COSS2263330	COSO31394826	COSV58951911	COSN15082500	Unknown	2	133927172	133927172	A	T	COSU535		2:g.133927172A>T	Confirmed somatic variant
			90268264	PD8830a	COSS1591290	COSO28395278	COSV67342112	COSN22337317	Unknown	12	61494364	61494364	C	A	COSU652		12:g.61494364C>A	Confirmed somatic variant
			90375956	SS6003119	COSS2120219	COSO31394826	COSV63744829	COSN4974700	Unknown	22	45612365	45612365	C	A	COSU535		22:g.45612365C>A	Confirmed somatic variant
			90325277	PD7248a	COSS1533105	COSO283911696	COSV59464036	COSN22189056	Unknown	12	83840282	83840282	G	T	COSU652		12:g.83840282G>T	Confirmed somatic variant
			90386695	DA12002	COSS2634931	COSO32054826	COSV50240763	COSN26825246	Unknown	1	120114345	120114345	T	A	COSU675		1:g.120114345T>A	Confirmed somatic variant
			90428303	CPCG0372-F1	COSS2340776	COSO32054826	COSV62378161	COSN29610294	Unknown	5	3868409	3868410		A	COSU537		5:g.3868409dup	Confirmed somatic variant
			90498735	RK029_C	COSS2120944	COSO29824862	COSV58013497	COSN5351366	Unknown	1	104800691	104800691	T	C	COSU322		1:g.104800691T>C	Confirmed somatic variant
			90530919	RK190_C01	COSS2194733	COSO29824862	COSV60137569	COSN5940750	Unknown	12	30052630	30052630	G	A	COSU322		12:g.30052630G>A	Confirmed somatic variant
			90550564	C03_67M_b10_lo0005	COSS2875098	COSO279621411	COSV104969417	COSN32145646	Unknown	14	46635061	46635061	T	C		33004514	14:g.46635061T>C	Confirmed somatic variant
			90501186	RK308_C01	COSS2194686	COSO29824862	COSV59875162	COSN6163766	Unknown	2	199261368	199261368	G	A	COSU322		2:g.199261368G>A	Confirmed somatic variant
			90564287	SS6003323	COSS2120242	COSO31394826	COSV68768273	COSN5229832	Unknown	7	9558544	9558544	T	G	COSU535		7:g.9558544T>G	Confirmed somatic variant
			90652345	RK191_C01	COSS2194680	COSO29824862	COSV51139609	COSN6879353	Unknown	7	34268742	34268742	A	G	COSU322		7:g.34268742A>G	Confirmed somatic variant
			90663982	0092_CRUK_PC_0092_T1_DNA	COSS2457595	COSO32054826	COSV50699379	COSN19487002	Unknown	7	93939391	93939391	C	T	COSU538		7:g.93939391C>T	Confirmed somatic variant
			90917192	ITNET_0797_T	COSS2339696	COSO29004841	COSV50518992	COSN16708384	Unknown	7	57980071	57980071	T	A	COSU650		7:g.57980071T>A	Confirmed somatic variant
			90884900	RK047_C01	COSS1918837	COSO29824862	COSV52935405	COSN1917239	Heterozygous	3	141033917	141033917	T	A	COSU322		3:g.141033917T>A	Variant of unknown origin
			90908492	AOCS-166-1-2	COSS2196284	COSO30135473	COSV63807700	COSN9494729	Unknown	6	140810007	140810007	C	T	COSU585		6:g.140810007C>T	Confirmed somatic variant
			90002530	1525-01-02TD	COSS2456458	COSO27985045	COSV51312829	COSN28197864	Unknown	12	19747354	19747354	T	A	COSU340	21642962	12:g.19747354T>A	Confirmed somatic variant
			90498735	RK029_C01	COSS1918823	COSO29824862	COSV58013497	COSN5351366	Heterozygous	1	104800691	104800691	T	C	COSU322		1:g.104800691T>C	Variant of unknown origin
			91061955	sysucc-1422T	COSS2506609	COSO28864826	COSV55966525	COSN20461611	Unknown	7	28907452	28907452	C	T	COSU646		7:g.28907452C>T	Confirmed somatic variant
			91071034	367-01-6TD	COSS2340789	COSO27985045	COSV61115871	COSN18967536	Unknown	3	167998272	167998272	G	A	COSU340	21642962	3:g.167998272G>A	Confirmed somatic variant
			91265668	339-01-4TD	COSS2456477	COSO27985045	COSV62128399	COSN19104945	Unknown	6	115089509	115089509	C	T	COSU340	21642962	6:g.115089509C>T	Confirmed somatic variant
			91311906	012-02-1TD	COSS1529895	COSO27985045	COSV51065180	COSN515362	Unknown	15	53071440	53071440	C	T	COSU340		15:g.53071440C>T	Variant of unknown origin
			91522505	Patient_3	COSS2443646	COSO29096562	COSV62713416	COSN18864339	Unknown	2	104692569	104692569	C	G		26082451	2:g.104692569C>G	Confirmed somatic variant
			91516848	CPCG0570-F1	COSS2746208	COSO32054826	COSV67313272	COSN29547042	Unknown	3	95358281	95358281	A		COSU537		3:g.95358281del	Confirmed somatic variant
			91608922	tumor_4157186	COSS2385423	COSO27985099	COSV61533359	COSN23150665	Unknown	3	81428051	81428051	T	C	COSU440		3:g.81428051T>C	Confirmed somatic variant
			91585460	RK150_C01	COSS2194710	COSO29824862	COSV69330664	COSN6006522	Unknown	1	164950078	164950078	C	T	COSU322		1:g.164950078C>T	Confirmed somatic variant
			91737507	CHC205T	COSS1652971	COSO29825606	COSV60006166	COSN6434878	Unknown	1	193780228	193780228	G	A	COSU381		1:g.193780228G>A	Confirmed somatic variant
			90917192	797T	COSS2507136	COSO29004841	COSV50518992	COSN16708384	Unknown	7	57980071	57980071	T	A	COSU661		7:g.57980071T>A	Confirmed somatic variant
			92181439	PD18775a	COSS2051810	COSO283918465	COSV64945902	COSN22810243	Unknown	6	126980609	126980609	C		COSU652		6:g.126980609del	Confirmed somatic variant
			92113224	sysucc-912T	COSS2506629	COSO28864826	COSV69193924	COSN20408381	Unknown	6	32700180	32700180	C	T	COSU646		6:g.32700180C>T	Confirmed somatic variant
			92127997	LP6008280-DNA_B03	COSS2633862	COSO31394826	COSV70182341	COSN26048964	Unknown	13	84900701	84900701	C	A	COSU535		13:g.84900701C>A	Confirmed somatic variant
			92123481	RK256_C01	COSS2340198	COSO29824862	COSV59150904	COSN16482298	Unknown	3	122297155	122297155	C	T	COSU322		3:g.122297155C>T	Confirmed somatic variant
			92293837	CHC322T	COSS1652979	COSO29825606	COSV53497280	COSN14717312	Unknown	7	57966171	57966171	T	C	COSU381		7:g.57966171T>C	Confirmed somatic variant
			92299321	Patient_1	COSS2443644	COSO29096562	COSV66913134	COSN18794141	Unknown	2	221600597	221600597	C	T		26082451	2:g.221600597C>T	Confirmed somatic variant
			92385304	PD7220a	COSS1527368	COSO28395278	COSV70217288	COSN20701098	Unknown	5	30964303	30964303	G	C	COSU652		5:g.30964303G>C	Confirmed somatic variant
			92417558	CPCG0100-F6	COSS2688268	COSO32054826	COSV64064436	COSN28051949	Unknown	3	106253444	106253444	G	A	COSU537		3:g.106253444G>A	Confirmed somatic variant
			92554493	LOPC-024_tumor_01	COSS2633786	COSO32054862	COSV50730179	COSN25901539	Unknown	2	2488822	2488822	C	T	COSU534		2:g.2488822C>T	Confirmed somatic variant
			92679688	ML_77_T_01	COSS2385652	COSO32664862	COSV64824244	COSN17470663	Unknown	16	29754986	29754986	T	C	COSU656		16:g.29754986T>C	Confirmed somatic variant
			92760529	273T	COSS2745874	COSO29824888	COSV69570149	COSN29935982	Unknown	13	67918225	67918225	C	T	COSU660		13:g.67918225C>T	Confirmed somatic variant
			92769722	CRC-38T	COSS2456766	COSO28864826	COSV64582951	COSN19741378	Unknown	16	46414863	46414863	T	G	COSU646		16:g.46414863T>G	Confirmed somatic variant
			92789192	tumor_4102009	COSS2121009	COSO27985099	COSV50618309	COSN4869663	Unknown	7	42449731	42449731	G	A	COSU440		7:g.42449731G>A	Confirmed somatic variant
			92824489	CPCG0183-F1	COSS2121431	COSO32054826	COSV59515514	COSN17013825	Unknown	13	86421055	86421055	C	G	COSU537		13:g.86421055C>G	Confirmed somatic variant
			92833655	HX18T	COSS2120912	COSO29824862	COSV68550968	COSN5758740	Unknown	16	16939769	16939769	G	T	COSU323		16:g.16939769G>T	Confirmed somatic variant
			92896697	LP6005334-DNA_B01	COSS2633830	COSO31394826	COSV51242136	COSN26000360	Unknown	16	61580284	61580284	C	T	COSU535		16:g.61580284C>T	Confirmed somatic variant
			92982013	PCSI_0001_Pa_P	COSS1653145	COSO29005278	COSV66307008	COSN16818322	Unknown	6	19106707	19106707	G	A	COSU382		6:g.19106707G>A	Confirmed somatic variant
			93100850	RK236_C01	COSS2340692	COSO29824862	COSV70737034	COSN16428360	Unknown	5	5683399	5683399	C	T	COSU322		5:g.5683399C>T	Confirmed somatic variant
			93067103	0082_CRUK_PC_0082_T1_DNA	COSS2263565	COSO32054826	COSV61500063	COSN15398419	Unknown	5	29917538	29917538	G	T	COSU538		5:g.29917538G>T	Confirmed somatic variant
			93067052	PD10014a	COSS1695894	COSO28395278	COSV60433134	COSN20747923	Unknown	1	72944797	72944797	G	T	COSU652		1:g.72944797G>T	Confirmed somatic variant
			93131614	8068554	COSS2263677	COSO29005278	COSV62882275	COSN16506166	Unknown	6	144236136	144236136	C	A	COSU328		6:g.144236136C>A	Confirmed somatic variant
			93234500	PCSI_0305_Pa_P_526	COSS2197262	COSO29005278	COSV61962655	COSN8136417	Unknown	13	83229110	83229110	C	G	COSU382		13:g.83229110C>G	Confirmed somatic variant
			89104745	CPCG9001-P2	COSS2688257	COSO32054826	COSV54211015	COSN27980247	Unknown	1	153467076	153467076	A	G	COSU537		1:g.153467076A>G	Confirmed somatic variant
			93323112	CHC2443T	COSS2634367	COSO29824888	COSV62829479	COSN24995791	Unknown	2	188938450	188938450	G	T	COSU381		2:g.188938450G>T	Confirmed somatic variant
			93614153	Patient_5	COSS2443648	COSO29096562	COSV68605243	COSN18912263	Unknown	13	66238294	66238294	C	T		26082451	13:g.66238294C>T	Confirmed somatic variant
			93596023	RK028_C01	COSS2194696	COSO29824862	COSV67682178	COSN6910133	Unknown	8	121471240	121471240	G	C	COSU322		8:g.121471240G>C	Confirmed somatic variant
			93593185	PD4952a	COSS1459220	COSO28395278	COSV62275031	COSN21926958	Unknown	16	75792051	75792051	C	A	COSU652		16:g.75792051C>A	Confirmed somatic variant
			93649125	tumor_4122063	COSS2385389	COSO27985099	COSV57539803	COSN25401648	Unknown	6	37810004	37810004	A	G	COSU440		6:g.37810004A>G	Confirmed somatic variant
			93628405	OSCC-GB_01370111	COSS2549738	COSO30454862	COSV63121502	COSN23847345	Unknown	6	39950902	39950902	G	A	COSU539		6:g.39950902G>A	Confirmed somatic variant
			93635025	HX27T	COSS2120921	COSO29824862	COSV51394966	COSN5069548	Unknown	5	136804310	136804310	T	C	COSU323		5:g.136804310T>C	Confirmed somatic variant
			93799389	RK312_C01	COSS2121005	COSO29824862	COSV50619130	COSN5498070	Unknown	2	221179254	221179254	T	A	COSU322		2:g.221179254T>A	Confirmed somatic variant
			93787917	PCSI_0174_Pa_P_526	COSS2339410	COSO29005278	COSV63950152	COSN16656163	Unknown	13	85215236	85215236	G	T	COSU382		13:g.85215236G>T	Confirmed somatic variant
			93817009	PD4967a	COSS1463659	COSO28395278	COSV68422254	COSN21510662	Unknown	10	84117816	84117816	T	A	COSU652		10:g.84117816T>A	Confirmed somatic variant
			93839153	T_CCA_SG_13	COSS2688086	COSO27814862	COSV60873922	COSN29103863	Unknown	2	129234936	129234936	T	C	COSU653		2:g.129234936T>C	Confirmed somatic variant
			93906348	T_CCA_IT_4	COSS2688116	COSO27814862	COSV68712452	COSN29050857	Unknown	3	135650144	135650144	C	A	COSU653		3:g.135650144C>A	Confirmed somatic variant
			94003131	CHC2443T	COSS2634367	COSO29824888	COSV62823524	COSN25003917	Unknown	13	58344983	58344983	C	A	COSU381		13:g.58344983C>A	Confirmed somatic variant
			94051490	tumor_4100636	COSS2634720	COSO27985099	COSV70199529	COSN25197284	Unknown	2	210765705	210765705	G	A	COSU440		2:g.210765705G>A	Confirmed somatic variant
			94215233	AOCS-126-1-5	COSS2196292	COSO30135473	COSV69715495	COSN8839559	Unknown	17	54276818	54276818	C	G	COSU585		17:g.54276818C>G	Confirmed somatic variant
			94235834	tumor_4120193	COSS2195248	COSO27985099	COSV57508738	COSN23213912	Unknown	10	10566318	10566318	A		COSU440		10:g.10566318del	Confirmed somatic variant
			94452844	PD52228a	COSS2993181	COSO29645573	COSV109540721	COSN33958341	Unknown	3	26428991	26429015	CACTGAGTTTGTGATAATTTATTAC			39665570	3:g.26428991_26429015del	Confirmed somatic variant
			94432820	PCSI_0083_Pa_P_526	COSS2197226	COSO29005278	COSV69958746	COSN8139153	Unknown	13	97800490	97800490	G	T	COSU382		13:g.97800490G>T	Confirmed somatic variant
			94475723	SNU_WGS_05_S1	COSS2263463	COSO27984905	COSV69731574	COSN15339789	Unknown	2	12752857	12752857	C	A	COSU544		2:g.12752857C>A	Confirmed somatic variant
			94611544	8033610	COSS1653117	COSO29005278	COSV51077939	COSN7162664	Unknown	17	27129535	27129535	T	A	COSU328		17:g.27129535T>A	Confirmed somatic variant
			94554204	0063_CRUK_PC_0063_T1_DNA	COSS2457577	COSO32054826	COSV63597908	COSN19394644	Unknown	10	53267095	53267095	G	T	COSU538		10:g.53267095G>T	Confirmed somatic variant
			94574684	PD6730b	COSS1503007	COSO28394862	COSV69002959	COSN22174659	Unknown	17	77000505	77000505	C	A	COSU652		17:g.77000505C>A	Confirmed somatic variant
			94721698	NYZ-1300552T	COSS2633910	COSO36004862	COSV51017057	COSN24749206	Unknown	8	112020863	112020863	A	T	COSU371		8:g.112020863A>T	Confirmed somatic variant
			94830390	PCSI_0329_Pa_P_526	COSS2340482	COSO29005278	COSV70960843	COSN16616063	Unknown	8	134196144	134196144	A	C	COSU382		8:g.134196144A>C	Confirmed somatic variant
			94937164	169T	COSS2745844	COSO29824888	COSV70378327	COSN29196314	Unknown	8	144070014	144070014	G	A	COSU660		8:g.144070014G>A	Confirmed somatic variant
			94962604	tumor_4120193	COSS2195248	COSO27985099	COSV61942224	COSN8551499	Unknown	18	72044205	72044205	C	T	COSU440		18:g.72044205C>T	Confirmed somatic variant
